

--ilahir 23-Apr-2016

CREATE TABLE IF NOT EXISTS `spi_rt_3_facilities` (
  `id` int(11) NOT NULL AUTO_INCREMENT,
  `facility_id` varchar(255) DEFAULT NULL,
  `` varchar(255) DEFAULT NULL,
  `email` varchar(255) DEFAULT NULL,
  `contact_person` varchar(255) DEFAULT NULL,
  `district` varchar(255) DEFAULT NULL,
  `province` varchar(255) DEFAULT NULL,
  `latitude` varchar(255) DEFAULT NULL,
  `longitude` varchar(255) DEFAULT NULL,
  PRIMARY KEY (`id`)
) ENGINE=InnoDB  DEFAULT CHARSET=latin1 AUTO_INCREMENT=1;

--ilahir 26-Apr-2016


CREATE TABLE IF NOT EXISTS `categories` (
  `category_id` int(11) NOT NULL AUTO_INCREMENT,
  `category_name` varchar(255) DEFAULT NULL,
  `status` varchar(255) DEFAULT NULL,
  PRIMARY KEY (`category_id`)
) ENGINE=InnoDB  DEFAULT CHARSET=latin1 AUTO_INCREMENT=2 ;

--
-- Dumping data for table `categories`
--

INSERT INTO `categories` (`category_id`, `category_name`, `status`) VALUES
(1, 'SPI Form', 'active');


CREATE TABLE IF NOT EXISTS `roles` (
  `role_id` int(11) NOT NULL AUTO_INCREMENT,
  `category_id` int(11) NOT NULL,
  `role_code` varchar(255) DEFAULT NULL,
  `role_name` varchar(255) DEFAULT NULL,
  `description` mediumtext,
  `status` varchar(255) DEFAULT NULL,
  PRIMARY KEY (`role_id`),
  KEY `category_id` (`category_id`)
) ENGINE=InnoDB  DEFAULT CHARSET=latin1 AUTO_INCREMENT=1;


ALTER TABLE  `users` ADD  `first_name` VARCHAR( 255 ) NULL DEFAULT NULL AFTER  `id` ;
ALTER TABLE  `users` ADD  `last_name` VARCHAR( 255 ) NULL DEFAULT NULL AFTER  `first_name` ;
ALTER TABLE  `users` ADD  `status` VARCHAR( 255 ) NULL DEFAULT NULL ;
ALTER TABLE  `users` ADD  `created_on` DATETIME NULL DEFAULT NULL ;
ALTER TABLE  `users` ADD  `email` VARCHAR( 255 ) NULL DEFAULT NULL AFTER  `password` ;


CREATE TABLE IF NOT EXISTS `user_role_map` (
  `map_id` int(11) NOT NULL AUTO_INCREMENT,
  `user_id` int(11) NOT NULL,
  `role_id` int(11) NOT NULL,
  PRIMARY KEY (`map_id`),
  KEY `role_id` (`role_id`),
  KEY `user_id` (`user_id`)
) ENGINE=InnoDB  DEFAULT CHARSET=latin1 AUTO_INCREMENT=1;

--
-- Constraints for table `user_role_map`
--
ALTER TABLE `user_role_map`
  ADD CONSTRAINT `user_role_map_ibfk_3` FOREIGN KEY (`user_id`) REFERENCES `users` (`id`),
  ADD CONSTRAINT `user_role_map_ibfk_2` FOREIGN KEY (`role_id`) REFERENCES `roles` (`role_id`);

-- saravanna 03-may-2016
CREATE TABLE IF NOT EXISTS  `global_config` (
 `config_id` INT( 11 ) NOT NULL AUTO_INCREMENT ,
 `display_name` VARCHAR( 255 ) NOT NULL ,
 `global_name` VARCHAR( 255 ) DEFAULT NULL ,
 `global_value` VARCHAR( 255 ) DEFAULT NULL ,
PRIMARY KEY (  `config_id` )
) ENGINE = MYISAM DEFAULT CHARSET = latin1 AUTO_INCREMENT =1;

INSERT INTO `global_config` (`config_id`, `display_name`, `global_name`, `global_value`) VALUES (NULL, 'Auto Approve Status', 'approve_status', 'yes');



--ilahir 04-May-2016
CREATE TABLE IF NOT EXISTS `event_log` (
  `event_id` int(11) NOT NULL AUTO_INCREMENT,
  `actor` int(11) NOT NULL,
  `subject` varchar(255) DEFAULT NULL,
  `event_type` varchar(255) DEFAULT NULL,
  `action` varchar(255) DEFAULT NULL,
  `resource_name` varchar(255) DEFAULT NULL,
  `date_time` datetime DEFAULT NULL,
  PRIMARY KEY (`event_id`),
  KEY `actor` (`actor`)
) ENGINE=InnoDB  DEFAULT CHARSET=latin1 AUTO_INCREMENT=1;

ALTER TABLE `event_log`
  ADD CONSTRAINT `event_log_ibfk_1` FOREIGN KEY (`actor`) REFERENCES `users` (`id`);
  
--ilahir 10-MAY-2016

CREATE TABLE IF NOT EXISTS `resources` (
  `resource_id` varchar(255) NOT NULL,
  `display_name` varchar(255) DEFAULT NULL,
  PRIMARY KEY (`resource_id`)
) ENGINE=InnoDB DEFAULT CHARSET=latin1;


CREATE TABLE IF NOT EXISTS `privileges` (
  `resource_id` varchar(255) NOT NULL DEFAULT '',
  `privilege_name` varchar(255) NOT NULL DEFAULT '',
  `display_name` varchar(255) DEFAULT NULL,
  PRIMARY KEY (`resource_id`,`privilege_name`),
  UNIQUE KEY `resource_id_2` (`resource_id`,`privilege_name`),
  KEY `resource_id` (`resource_id`)
) ENGINE=InnoDB DEFAULT CHARSET=latin1;


INSERT INTO `resources` (`resource_id`, `display_name`) VALUES
('Application\\Controller\\Config', 'Global Config'),
('Application\\Controller\\Facility', 'Manage Facility'),
('Application\\Controller\\Index', 'Dashboard'),
('Application\\Controller\\Roles', 'Manage Roles'),
('Application\\Controller\\SpiV3', 'Manage SpiV3 Form'),
('Application\\Controller\\Users', 'Manage Users');


INSERT INTO `privileges` (`resource_id`, `privilege_name`, `display_name`) VALUES
('Application\\Controller\\Config', 'edit-global', 'Edit'),
('Application\\Controller\\Config', 'index', 'Access'),
('Application\\Controller\\Facility', 'add', 'Add'),
('Application\\Controller\\Facility', 'edit', 'Edit'),
('Application\\Controller\\Facility', 'get-facility-name', 'Merge Facilities'),
('Application\\Controller\\Facility', 'index', 'Access'),
('Application\\Controller\\Index', 'index', 'Access'),
('Application\\Controller\\Roles', 'add', 'Add'),
('Application\\Controller\\Roles', 'edit', 'Edit'),
('Application\\Controller\\Roles', 'index', 'Access'),
('Application\\Controller\\SpiV3', 'approve-status', 'Approved Status'),
('Application\\Controller\\SpiV3', 'download-pdf', 'Download pdf'),
('Application\\Controller\\SpiV3', 'edit', 'Edit'),
('Application\\Controller\\SpiV3', 'index', 'Access'),
('Application\\Controller\\SpiV3', 'manage-facility', 'Access to edit SPI Form'),
('Application\\Controller\\Users', 'add', 'Add'),
('Application\\Controller\\Users', 'edit', 'Edit'),
('Application\\Controller\\Users', 'index', 'Access');

--Pal 12-MAY-2016
INSERT INTO `resources` (`resource_id`, `display_name`) VALUES ('Application\\Controller\\Email', 'Manage Email');

INSERT INTO `privileges` (`resource_id`, `privilege_name`, `display_name`) VALUES ('Application\\Controller\\Email', 'index', 'Access');


INSERT INTO `privileges` (`resource_id`, `privilege_name`, `display_name`) VALUES ('Application\\Controller\\SpiV3', 'corrective-action-pdf', 'Download corrective action pdf');

--Pal 13-MAY-2016
CREATE TABLE IF NOT EXISTS `temp_mail` (
  `temp_id` int(11) NOT NULL AUTO_INCREMENT,
  `from_full_name` varchar(255) DEFAULT NULL,
  `from_mail` varchar(255) DEFAULT NULL,
  `to_email` varchar(255) NOT NULL,
  `cc` varchar(500) DEFAULT NULL,
  `bcc` varchar(500) DEFAULT NULL,
  `subject` mediumtext,
  `message` mediumtext,
  `status` varchar(255) NOT NULL DEFAULT 'pending',
  PRIMARY KEY (`temp_id`)
)

--Pal 17-MAY-2016
INSERT INTO `privileges` (`resource_id`, `privilege_name`, `display_name`) VALUES ('Application\\Controller\\SpiV3', 'delete', 'Delete');


--Amit 17-MAY-2016
ALTER TABLE `spi_form_v_3` CHANGE `avgMonthTesting` `avgMonthTesting` INT NULL DEFAULT '0';


--Pal 17-MAY-2016
ALTER TABLE `spi_rt_3_facilities` ADD `status` VARCHAR(255) NOT NULL DEFAULT 'active' AFTER `longitude`;

--Pal 24th-Aug-2016
CREATE TABLE `user_token_map` (
  `user_id` int(11) NOT NULL,
  `token` varchar(45) NOT NULL
)

CREATE TABLE `audit_mails` (
  `mail_id` int(11) NOT NULL,
  `from_full_name` varchar(255) DEFAULT NULL,
  `from_mail` varchar(255) DEFAULT NULL,
  `to_email` varchar(255) NOT NULL,
  `cc` varchar(500) DEFAULT NULL,
  `bcc` varchar(500) DEFAULT NULL,
  `subject` mediumtext,
  `message` mediumtext,
  `status` varchar(255) NOT NULL DEFAULT 'pending'
)

ALTER TABLE `audit_mails`
  ADD PRIMARY KEY (`mail_id`);
  
ALTER TABLE `audit_mails`
  MODIFY `mail_id` int(11) NOT NULL AUTO_INCREMENT;
  
--Pal 25th-Aug-2016
INSERT INTO `global_config` (`config_id`, `display_name`, `global_name`, `global_value`) VALUES (NULL, 'Header', 'header', NULL), (NULL, 'Logo', 'logo', NULL);


--ilahir 16-NOV-2016
INSERT INTO `odkdash`.`global_config` (`config_id`, `display_name`, `global_name`, `global_value`) VALUES (NULL, 'Language', 'language', 'English');

INSERT INTO `resources` (`resource_id`, `display_name`) VALUES ('Application\\Controller\\Dashboard', 'Manage Dashboard');
INSERT INTO `privileges` (`resource_id`, `privilege_name`, `display_name`) VALUES ('Application\\Controller\\Dashboard', 'index', 'Access'), ('Application\\Controller\\Dashboard', 'audi-details', 'Manage Audit details');
UPDATE `resources` SET `display_name` = 'Home' WHERE `resources`.`resource_id` = 'Application\\Controller\\Index';

ALTER TABLE `roles` ADD PRIMARY KEY(`role_id`);
ALTER TABLE `roles` ADD UNIQUE(`role_id`);
ALTER TABLE `roles` CHANGE `role_id` `role_id` INT(11) NOT NULL AUTO_INCREMENT;

--Pal 04-Apr-2017
INSERT INTO `privileges` (`resource_id`, `privilege_name`, `display_name`) VALUES ('Application\\Controller\\Facility', 'map-province', 'Map Province');

UPDATE `privileges` SET `privilege_name` = 'get-province-list' WHERE `privileges`.`resource_id` = 'Application\\Controller\\Facility' AND `privileges`.`privilege_name` = 'map-province';

--Pal 06-Apr-2017
CREATE TABLE `r_spi_form_v_3_download` (
  `r_download_id` int(11) NOT NULL,
  `auditroundno` varchar(255) DEFAULT NULL,
  `assesmentofaudit` varchar(255) DEFAULT NULL,
  `testingpointtype` varchar(255) DEFAULT NULL,
  `testingpointname` varchar(255) DEFAULT NULL,
  `level` varchar(255) DEFAULT NULL,
  `affiliation` varchar(255) DEFAULT NULL,
  `level_name` varchar(255) DEFAULT NULL,
  `AUDIT_SCORE_PERCANTAGE` varchar(255) DEFAULT NULL,
  `file_name` varchar(255) DEFAULT NULL,
  `download_status` int(11) NOT NULL DEFAULT '0'
);

ALTER TABLE `r_spi_form_v_3_download`
  ADD PRIMARY KEY (`r_download_id`);
  
ALTER TABLE `r_spi_form_v_3_download`
  MODIFY `r_download_id` int(11) NOT NULL AUTO_INCREMENT;
  
ALTER TABLE `r_spi_form_v_3_download` ADD `user` INT(11) NOT NULL AFTER `r_download_id`;

-- saravanan 05-apr-2017
INSERT INTO `privileges` (`resource_id`, `privilege_name`, `display_name`) VALUES ('Application\\Controller\\SpiV3', 'duplicate', 'Duplicate');

CREATE TABLE `spi_form_v_3_duplicate` (
  `id` int(11) NOT NULL,
  `token` varchar(255) NOT NULL,
  `content` varchar(255) NOT NULL,
  `formId` varchar(255) NOT NULL,
  `formVersion` varchar(255) NOT NULL,
  `meta-instance-id` varchar(255) NOT NULL,
  `meta-model-version` varchar(255) NOT NULL,
  `meta-ui-version` varchar(255) NOT NULL,
  `meta-submission-date` varchar(255) NOT NULL,
  `meta-is-complete` varchar(255) NOT NULL,
  `meta-date-marked-as-complete` varchar(255) NOT NULL,
  `start` varchar(255) DEFAULT NULL,
  `end` varchar(255) DEFAULT NULL,
  `today` date DEFAULT NULL,
  `deviceid` varchar(255) DEFAULT NULL,
  `subscriberid` varchar(255) DEFAULT NULL,
  `text_image` varchar(255) DEFAULT NULL,
  `info1` varchar(255) DEFAULT NULL,
  `info2` varchar(255) DEFAULT NULL,
  `assesmentofaudit` date NOT NULL,
  `auditroundno` varchar(255) DEFAULT NULL,
  `facilityname` varchar(255) DEFAULT NULL,
  `facilityid` varchar(255) DEFAULT NULL,
  `testingpointname` varchar(255) DEFAULT NULL,
  `testingpointtype` varchar(255) DEFAULT NULL,
  `testingpointtype_other` varchar(255) DEFAULT NULL,
  `locationaddress` varchar(255) DEFAULT NULL,
  `level` varchar(255) DEFAULT NULL,
  `level_other` varchar(255) DEFAULT NULL,
  `level_name` varchar(255) DEFAULT NULL,
  `affiliation` varchar(255) DEFAULT NULL,
  `affiliation_other` varchar(255) DEFAULT NULL,
  `NumberofTester` varchar(255) DEFAULT NULL,
  `avgMonthTesting` int(11) DEFAULT '0',
  `name_auditor_lead` varchar(255) DEFAULT NULL,
  `name_auditor2` varchar(255) DEFAULT NULL,
  `info4` varchar(255) DEFAULT NULL,
  `INSTANCE` varchar(255) DEFAULT NULL,
  `PERSONAL_Q_1_1` varchar(255) DEFAULT NULL,
  `PERSONAL_C_1_1` varchar(255) DEFAULT NULL,
  `PERSONAL_Q_1_2` varchar(255) DEFAULT NULL,
  `PERSONAL_C_1_2` varchar(255) DEFAULT NULL,
  `PERSONAL_Q_1_3` varchar(255) DEFAULT NULL,
  `PERSONAL_C_1_3` varchar(255) DEFAULT NULL,
  `PERSONAL_Q_1_4` varchar(255) DEFAULT NULL,
  `PERSONAL_C_1_4` varchar(255) DEFAULT NULL,
  `PERSONAL_Q_1_5` varchar(255) DEFAULT NULL,
  `PERSONAL_C_1_5` varchar(255) DEFAULT NULL,
  `PERSONAL_Q_1_6` varchar(255) DEFAULT NULL,
  `PERSONAL_C_1_6` varchar(255) DEFAULT NULL,
  `PERSONAL_Q_1_7` varchar(255) DEFAULT NULL,
  `PERSONAL_C_1_7` varchar(255) DEFAULT NULL,
  `PERSONAL_Q_1_8` varchar(255) DEFAULT NULL,
  `PERSONAL_C_1_8` varchar(255) DEFAULT NULL,
  `PERSONAL_Q_1_9` varchar(255) DEFAULT NULL,
  `PERSONAL_C_1_9` varchar(255) DEFAULT NULL,
  `PERSONAL_Q_1_10` varchar(255) DEFAULT NULL,
  `PERSONAL_C_1_10` varchar(255) DEFAULT NULL,
  `PERSONAL_SCORE` varchar(255) DEFAULT NULL,
  `PERSONAL_Display` varchar(255) DEFAULT NULL,
  `PERSONALPHOTO` varchar(255) DEFAULT NULL,
  `PHYSICAL_Q_2_1` varchar(255) DEFAULT NULL,
  `PHYSICAL_C_2_1` varchar(255) DEFAULT NULL,
  `PHYSICAL_Q_2_2` varchar(255) DEFAULT NULL,
  `PHYSICAL_C_2_2` varchar(255) DEFAULT NULL,
  `PHYSICAL_Q_2_3` varchar(255) DEFAULT NULL,
  `PHYSICAL_C_2_3` varchar(255) DEFAULT NULL,
  `PHYSICAL_Q_2_4` varchar(255) DEFAULT NULL,
  `PHYSICAL_C_2_4` varchar(255) DEFAULT NULL,
  `PHYSICAL_Q_2_5` varchar(255) DEFAULT NULL,
  `PHYSICAL_C_2_5` varchar(255) DEFAULT NULL,
  `PHYSICAL_SCORE` varchar(255) DEFAULT NULL,
  `PHYSICAL_Display` varchar(255) DEFAULT NULL,
  `PHYSICALPHOTO` varchar(255) DEFAULT NULL,
  `SAFETY_Q_3_1` varchar(255) DEFAULT NULL,
  `SAFETY_C_3_1` varchar(255) DEFAULT NULL,
  `SAFETY_Q_3_2` varchar(255) DEFAULT NULL,
  `SAFETY_C_3_2` varchar(255) DEFAULT NULL,
  `SAFETY_Q_3_3` varchar(255) DEFAULT NULL,
  `SAFETY_C_3_3` varchar(255) DEFAULT NULL,
  `SAFETY_Q_3_4` varchar(255) DEFAULT NULL,
  `SAFETY_C_3_4` varchar(255) DEFAULT NULL,
  `SAFETY_Q_3_5` varchar(255) DEFAULT NULL,
  `SAFETY_C_3_5` varchar(255) DEFAULT NULL,
  `SAFETY_Q_3_6` varchar(255) DEFAULT NULL,
  `SAFETY_C_3_6` varchar(255) DEFAULT NULL,
  `SAFETY_Q_3_7` varchar(255) DEFAULT NULL,
  `SAFETY_C_3_7` varchar(255) DEFAULT NULL,
  `SAFETY_Q_3_8` varchar(255) DEFAULT NULL,
  `SAFETY_C_3_8` varchar(255) DEFAULT NULL,
  `SAFETY_Q_3_9` varchar(255) DEFAULT NULL,
  `SAFETY_C_3_9` varchar(255) DEFAULT NULL,
  `SAFETY_Q_3_10` varchar(255) DEFAULT NULL,
  `SAFETY_C_3_10` varchar(255) DEFAULT NULL,
  `SAFETY_Q_3_11` varchar(255) DEFAULT NULL,
  `SAFETY_C_3_11` varchar(255) DEFAULT NULL,
  `SAFETY_SCORE` varchar(255) DEFAULT NULL,
  `SAFETY_DISPLAY` varchar(255) DEFAULT NULL,
  `SAFETYPHOTO` varchar(255) DEFAULT NULL,
  `PRE_Q_4_1` varchar(255) DEFAULT NULL,
  `PRE_C_4_1` varchar(255) DEFAULT NULL,
  `PRE_Q_4_2` varchar(255) DEFAULT NULL,
  `PRE_C_4_2` varchar(255) DEFAULT NULL,
  `PRE_Q_4_3` varchar(255) DEFAULT NULL,
  `PRE_C_4_3` varchar(255) DEFAULT NULL,
  `PRE_Q_4_4` varchar(255) DEFAULT NULL,
  `PRE_C_4_4` varchar(255) DEFAULT NULL,
  `PRE_Q_4_5` varchar(255) DEFAULT NULL,
  `PRE_C_4_5` varchar(255) DEFAULT NULL,
  `PRE_Q_4_6` varchar(255) DEFAULT NULL,
  `PRE_C_4_6` varchar(255) DEFAULT NULL,
  `PRE_Q_4_7` varchar(255) DEFAULT NULL,
  `PRE_C_4_7` varchar(255) DEFAULT NULL,
  `PRE_Q_4_8` varchar(255) DEFAULT NULL,
  `PRE_C_4_8` varchar(255) DEFAULT NULL,
  `PRE_Q_4_9` varchar(255) DEFAULT NULL,
  `PRE_C_4_9` varchar(255) DEFAULT NULL,
  `PRE_Q_4_10` varchar(255) DEFAULT NULL,
  `PRE_C_4_10` varchar(255) DEFAULT NULL,
  `PRE_Q_4_11` varchar(255) DEFAULT NULL,
  `PRE_C_4_11` varchar(255) DEFAULT NULL,
  `PRE_Q_4_12` varchar(255) DEFAULT NULL,
  `PRE_C_4_12` varchar(255) DEFAULT NULL,
  `PRETEST_SCORE` varchar(255) DEFAULT NULL,
  `PRETEST_Display` varchar(255) DEFAULT NULL,
  `PRETESTPHOTO` varchar(255) DEFAULT NULL,
  `TEST_Q_5_1` varchar(255) DEFAULT NULL,
  `TEST_C_5_1` varchar(255) DEFAULT NULL,
  `TEST_Q_5_2` varchar(255) DEFAULT NULL,
  `TEST_C_5_2` varchar(255) DEFAULT NULL,
  `TEST_Q_5_3` varchar(255) DEFAULT NULL,
  `TEST_C_5_3` varchar(255) DEFAULT NULL,
  `TEST_Q_5_4` varchar(255) DEFAULT NULL,
  `TEST_C_5_4` varchar(255) DEFAULT NULL,
  `TEST_Q_5_5` varchar(255) DEFAULT NULL,
  `TEST_C_5_5` varchar(255) DEFAULT NULL,
  `TEST_Q_5_6` varchar(255) DEFAULT NULL,
  `TEST_C_5_6` varchar(255) DEFAULT NULL,
  `TEST_Q_5_7` varchar(255) DEFAULT NULL,
  `TEST_C_5_7` varchar(255) DEFAULT NULL,
  `TEST_Q_5_8` varchar(255) DEFAULT NULL,
  `TEST_C_5_8` varchar(255) DEFAULT NULL,
  `TEST_Q_5_9` varchar(255) DEFAULT NULL,
  `TEST_C_5_9` varchar(255) DEFAULT NULL,
  `TEST_SCORE` varchar(255) DEFAULT NULL,
  `TEST_DISPLAY` varchar(255) DEFAULT NULL,
  `TESTPHOTO` varchar(255) DEFAULT NULL,
  `POST_Q_6_1` varchar(255) DEFAULT NULL,
  `POST_C_6_1` varchar(255) DEFAULT NULL,
  `POST_Q_6_2` varchar(255) DEFAULT NULL,
  `POST_C_6_2` varchar(255) DEFAULT NULL,
  `POST_Q_6_3` varchar(255) DEFAULT NULL,
  `POST_C_6_3` varchar(255) DEFAULT NULL,
  `POST_Q_6_4` varchar(255) DEFAULT NULL,
  `POST_C_6_4` varchar(255) DEFAULT NULL,
  `POST_Q_6_5` varchar(255) DEFAULT NULL,
  `POST_C_6_5` varchar(255) DEFAULT NULL,
  `POST_Q_6_6` varchar(255) DEFAULT NULL,
  `POST_C_6_6` varchar(255) DEFAULT NULL,
  `POST_Q_6_7` varchar(255) DEFAULT NULL,
  `POST_C_6_7` varchar(255) DEFAULT NULL,
  `POST_Q_6_8` varchar(255) DEFAULT NULL,
  `POST_C_6_8` varchar(255) DEFAULT NULL,
  `POST_Q_6_9` varchar(255) DEFAULT NULL,
  `POST_C_6_9` varchar(255) DEFAULT NULL,
  `POST_SCORE` varchar(255) DEFAULT NULL,
  `POST_DISPLAY` varchar(255) DEFAULT NULL,
  `POSTTESTPHOTO` varchar(255) DEFAULT NULL,
  `EQA_Q_7_1` varchar(255) DEFAULT NULL,
  `EQA_C_7_1` varchar(255) DEFAULT NULL,
  `EQA_Q_7_2` varchar(255) DEFAULT NULL,
  `EQA_C_7_2` varchar(255) DEFAULT NULL,
  `EQA_Q_7_3` varchar(255) DEFAULT NULL,
  `EQA_C_7_3` varchar(255) DEFAULT NULL,
  `EQA_Q_7_4` varchar(255) DEFAULT NULL,
  `EQA_C_7_4` varchar(255) DEFAULT NULL,
  `EQA_Q_7_5` varchar(255) DEFAULT NULL,
  `EQA_C_7_5` varchar(255) DEFAULT NULL,
  `EQA_Q_7_6` varchar(255) DEFAULT NULL,
  `EQA_C_7_6` varchar(255) DEFAULT NULL,
  `EQA_Q_7_7` varchar(255) DEFAULT NULL,
  `EQA_C_7_7` varchar(255) DEFAULT NULL,
  `EQA_Q_7_8` varchar(255) DEFAULT NULL,
  `EQA_C_7_8` varchar(255) DEFAULT NULL,
  `sampleretesting` varchar(255) DEFAULT NULL,
  `EQA_Q_7_9` varchar(255) DEFAULT NULL,
  `EQA_C_7_9` varchar(255) DEFAULT NULL,
  `EQA_Q_7_10` varchar(255) DEFAULT NULL,
  `EQA_C_7_10` varchar(255) DEFAULT NULL,
  `EQA_Q_7_11` varchar(255) DEFAULT NULL,
  `EQA_C_7_11` varchar(255) DEFAULT NULL,
  `EQA_Q_7_12` varchar(255) DEFAULT NULL,
  `EQA_C_7_12` varchar(255) DEFAULT NULL,
  `EQA_Q_7_13` varchar(255) DEFAULT NULL,
  `EQA_C_7_13` varchar(255) DEFAULT NULL,
  `EQA_Q_7_14` varchar(255) DEFAULT NULL,
  `EQA_C_7_14` varchar(255) DEFAULT NULL,
  `EQA_MAX_SCORE` varchar(255) DEFAULT NULL,
  `EQA_REQ` varchar(255) DEFAULT NULL,
  `EQA_OPT` varchar(255) DEFAULT NULL,
  `EQA_SCORE` varchar(255) DEFAULT NULL,
  `EQA_DISPLAY` varchar(255) DEFAULT NULL,
  `EQAPHOTO` varchar(255) DEFAULT NULL,
  `FINAL_AUDIT_SCORE` varchar(255) DEFAULT NULL,
  `MAX_AUDIT_SCORE` varchar(255) DEFAULT NULL,
  `AUDIT_SCORE_PERCANTAGE` varchar(255) DEFAULT NULL,
  `staffaudited` varchar(255) DEFAULT NULL,
  `durationaudit` varchar(255) DEFAULT NULL,
  `personincharge` varchar(255) DEFAULT NULL,
  `endofsurvey` varchar(255) DEFAULT NULL,
  `info5` varchar(255) DEFAULT NULL,
  `info6` varchar(255) DEFAULT NULL,
  `info10` varchar(255) DEFAULT NULL,
  `info11` varchar(255) DEFAULT NULL,
  `summarypage` varchar(255) DEFAULT NULL,
  `SUMMARY_NOT_AVL` varchar(255) DEFAULT NULL,
  `info12` varchar(255) DEFAULT NULL,
  `info17` varchar(255) DEFAULT NULL,
  `info21` varchar(255) DEFAULT NULL,
  `info22` varchar(255) DEFAULT NULL,
  `info23` varchar(255) DEFAULT NULL,
  `info24` varchar(255) DEFAULT NULL,
  `info25` varchar(255) DEFAULT NULL,
  `info26` varchar(255) DEFAULT NULL,
  `info27` varchar(255) DEFAULT NULL,
  `correctiveaction` text,
  `sitephoto` varchar(255) DEFAULT NULL,
  `Latitude` varchar(255) DEFAULT NULL,
  `Longitude` varchar(255) DEFAULT NULL,
  `Altitude` varchar(255) DEFAULT NULL,
  `Accuracy` varchar(255) DEFAULT NULL,
  `auditorSignature` text,
  `instanceID` varchar(255) DEFAULT NULL,
  `instanceName` varchar(255) DEFAULT NULL,
  `status` varchar(100) DEFAULT 'pending'
) ENGINE=MyISAM DEFAULT CHARSET=latin1;


ALTER TABLE `spi_form_v_3_duplicate`
  ADD PRIMARY KEY (`id`);

ALTER TABLE `spi_form_v_3_duplicate`
  MODIFY `id` int(11) NOT NULL AUTO_INCREMENT, AUTO_INCREMENT=1;
  

--Pal 06-Apr-2017
INSERT INTO `privileges` (`resource_id`, `privilege_name`, `display_name`) VALUES ('Application\\Controller\\SpiV3', 'download-files', 'Download Zipped Files');

ALTER TABLE `r_spi_form_v_3_download` DROP `file_name`;

INSERT INTO `privileges` (`resource_id`, `privilege_name`, `display_name`) VALUES ('Application\\Controller\\SpiV3', 'view-data', 'Dashboard - View Details');

--saravnana 24-may-2017
INSERT INTO `privileges` (`resource_id`, `privilege_name`, `display_name`) VALUES ('Application\\Controller\\Facility', 'export-facility', 'Export Facilities');
--Pal 06-Jun-2017
ALTER TABLE `spi_form_v_3` ADD `facility` INT(11) NULL DEFAULT NULL AFTER `auditroundno`;
--saravanna 21-jun-2017
INSERT INTO `odkdash`.`privileges` (`resource_id`, `privilege_name`, `display_name`) VALUES ('Application\\Controller\\SpiV3', 'spiv3-import-csv-file', 'SPIV3 Import CSV');

--Pal 27-Jun-2017
ALTER TABLE `spi_form_v_3_duplicate` DROP `facilityname`;

ALTER TABLE `spi_form_v_3` DROP `facilityname`;

ALTER TABLE `spi_form_v_3` DROP `facilityid`;

ALTER TABLE `spi_form_v_3_duplicate` CHANGE `facilityid` `facility` INT(11) NULL DEFAULT NULL;

ALTER TABLE `spi_form_v_3` ADD `facilityid` INT(11) NULL DEFAULT NULL AFTER `facility`, ADD `facilityname` VARCHAR(500) NULL DEFAULT NULL AFTER `facilityid`;

ALTER TABLE `spi_form_v_3_duplicate` ADD `facilityid` INT(11) NULL DEFAULT NULL AFTER `facility`, ADD `facilityname` VARCHAR(500) NULL DEFAULT NULL AFTER `facilityid`;

-- Amit 06 Feb 2018

UPDATE spi_form_v_3 t1, spi_rt_3_facilities t2 SET t1.facility = t2.id, t1.facilityid=t2.facility_id where t1.facilityname = t2.facility_name;

--Selvam 22 September 2020

CREATE TABLE `spi_v5_form_labels` (
 `id` int(11) NOT NULL AUTO_INCREMENT,
 `field` varchar(255) NOT NULL,
 `short_label` varchar(255) DEFAULT NULL,
 `label` text NOT NULL,
 PRIMARY KEY (`id`)
) ENGINE=InnoDB AUTO_INCREMENT=1 DEFAULT CHARSET=latin1;

CREATE TABLE `spi_form_v_5` (
 `id` int(11) NOT NULL AUTO_INCREMENT,
 `token` varchar(255) NOT NULL,
 `content` varchar(255) NOT NULL,
 `formId` varchar(255) NOT NULL,
 `formVersion` varchar(255) NOT NULL,
 `meta-instance-id` varchar(255) NOT NULL,
 `meta-model-version` varchar(255) NOT NULL,
 `meta-ui-version` varchar(255) NOT NULL,
 `meta-submission-date` varchar(255) NOT NULL,
 `meta-is-complete` varchar(255) NOT NULL,
 `meta-date-marked-as-complete` varchar(255) NOT NULL,
 `start` varchar(255) DEFAULT NULL,
 `end` varchar(255) DEFAULT NULL,
 `today` date DEFAULT NULL,
 `deviceid` varchar(255) DEFAULT NULL,
 `subscriberid` varchar(255) DEFAULT NULL,
 `text_image` varchar(255) DEFAULT NULL,
 `info1` varchar(255) DEFAULT NULL,
 `info2` varchar(255) DEFAULT NULL,
 `assesmentofaudit` date NOT NULL,
 `auditStartTime` varchar(255) DEFAULT NULL,
 `auditroundno` varchar(255) DEFAULT NULL,
 `facility` int(11) DEFAULT NULL,
 `facilityname` varchar(255) DEFAULT NULL,
 `facilityid` varchar(255) DEFAULT NULL,
 `testingpointtype` varchar(255) DEFAULT NULL,
 `testingpointtype_other` varchar(255) DEFAULT NULL,
 `physicaladdress` varchar(255) DEFAULT NULL,
 `level` varchar(255) DEFAULT NULL,
 `level_other` varchar(255) DEFAULT NULL,
 `affiliation` varchar(255) DEFAULT NULL,
 `affiliation_other` varchar(255) DEFAULT NULL,
 `NumberofTester` varchar(255) DEFAULT NULL,
 `client_tested_HIV` varchar(255) DEFAULT NULL,
 `client_tested_HIV_PM` varchar(255) DEFAULT NULL,
 `client_tested_HIV_PQ` varchar(255) DEFAULT NULL,
 `client_newly_HIV` varchar(255) DEFAULT NULL,
 `client_newly_HIV_PM` varchar(255) DEFAULT NULL,
 `client_newly_HIV_PQ` varchar(255) DEFAULT NULL,
 `client_negative_HIV` varchar(255) DEFAULT NULL,
 `client_negative_HIV_PM` varchar(255) DEFAULT NULL,
 `client_negative_HIV_PQ` varchar(255) DEFAULT NULL,
 `client_positive_HIV_RTRI` varchar(255) DEFAULT NULL,
 `client_positive_HIV_RTRI_PM` varchar(255) DEFAULT NULL,
 `client_positive_HIV_RTRI_PQ` varchar(255) DEFAULT NULL,
 `client_recent_RTRI` varchar(255) DEFAULT NULL,
 `client_recent_RTRI_PM` varchar(255) DEFAULT NULL,
 `client_recent_RTRI_PQ` varchar(255) DEFAULT NULL,
 `name_auditor_lead` varchar(255) DEFAULT NULL,
 `name_auditor2` varchar(255) DEFAULT NULL,
 `info4` varchar(255) DEFAULT NULL,
 `INSTANCE` varchar(255) DEFAULT NULL,
 `PERSONAL_Q_1_1_HIV_TRAINING` varchar(255) DEFAULT NULL,
 `PERSONAL_C_1_1_HIV_TRAINING` varchar(255) DEFAULT NULL,
 `PERSONAL_Q_1_2_HIV_TESTING_REGISTER` varchar(255) DEFAULT NULL,
 `PERSONAL_C_1_2_HIV_TESTING_REGISTER` varchar(255) DEFAULT NULL,
 `PERSONAL_Q_1_3_EQA_PT` varchar(255) DEFAULT NULL,
 `PERSONAL_C_1_3_EQA_PT` varchar(255) DEFAULT NULL,
 `PERSONAL_Q_1_4_QC_PROCESS` varchar(255) DEFAULT NULL,
 `PERSONAL_C_1_4_QC_PROCESS` varchar(255) DEFAULT NULL,
 `PERSONAL_Q_1_5_SAFETY_MANAGEMENT` varchar(255) DEFAULT NULL,
 `PERSONAL_C_1_5_SAFETY_MANAGEMENT` varchar(255) DEFAULT NULL,
 `PERSONAL_Q_1_6_REFRESHER_TRAINING` varchar(255) DEFAULT NULL,
 `PERSONAL_C_1_6_REFRESHER_TRAINING` varchar(255) DEFAULT NULL,
 `PERSONAL_Q_1_7_HIV_COMPETENCY_TESTING` varchar(255) DEFAULT NULL,
 `PERSONAL_C_1_7_HIV_COMPETENCY_TESTING` varchar(255) DEFAULT NULL,
 `PERSONAL_Q_1_8_NATIONAL_CERTIFICATION` varchar(255) DEFAULT NULL,
 `PERSONAL_C_1_8_NATIONAL_CERTIFICATION` varchar(255) DEFAULT NULL,
 `PERSONAL_Q_1_9_CERTIFIED_TESTERS` varchar(255) DEFAULT NULL,
 `PERSONAL_C_1_9_CERTIFIED_TESTERS` varchar(255) DEFAULT NULL,
 `PERSONAL_Q_1_10_RECERTIFIED` varchar(255) DEFAULT NULL,
 `PERSONAL_C_1_10_RECERTIFIED` varchar(255) DEFAULT NULL,
 `PERSONAL_SCORE` varchar(255) DEFAULT NULL,
 `PERSONAL_Display` varchar(255) DEFAULT NULL,
 `PERSONALPHOTO` text,
 `PHYSICAL_Q_2_1_DESIGNATED_HIV_AREA` varchar(255) DEFAULT NULL,
 `PHYSICAL_C_2_1_DESIGNATED_HIV_AREA` varchar(255) DEFAULT NULL,
 `PHYSICAL_Q_2_2_CLEAN_TESTING_AREA` varchar(255) DEFAULT NULL,
 `PHYSICAL_C_2_2_CLEAN_TESTING_AREA` varchar(255) DEFAULT NULL,
 `PHYSICAL_Q_2_3_SUFFICIENT_LIGHT_AVAILABILITY` varchar(255) DEFAULT NULL,
 `PHYSICAL_C_2_3_SUFFICIENT_LIGHT_AVAILABILITY` varchar(255) DEFAULT NULL,
 `PHYSICAL_Q_2_4_TEST_KIT_STORAGE` varchar(255) DEFAULT NULL,
 `PHYSICAL_C_2_4_TEST_KIT_STORAGE` varchar(255) DEFAULT NULL,
 `PHYSICAL_Q_2_5_SUFFICIENT_SECURE_STORAGE` varchar(255) DEFAULT NULL,
 `PHYSICAL_C_2_5_SUFFICIENT_SECURE_STORAGE` varchar(255) DEFAULT NULL,
 `PHYSICAL_SCORE` varchar(255) DEFAULT NULL,
 `PHYSICAL_Display` varchar(255) DEFAULT NULL,
 `PHYSICALPHOTO` text,
 `SAFETY_Q_3_1_IMPLEMENT_SAFETY_PRACTICES` varchar(255) DEFAULT NULL,
 `SAFETY_C_3_1_IMPLEMENT_SAFETY_PRACTICES` varchar(255) DEFAULT NULL,
 `SAFETY_Q_3_2_ACCIDENTAL_EXPOSURE` varchar(255) DEFAULT NULL,
 `SAFETY_C_3_2_ACCIDENTAL_EXPOSURE` varchar(255) DEFAULT NULL,
 `SAFETY_Q_3_3_PRACTICE_SAFETY_PRACTICES` varchar(255) DEFAULT NULL,
 `SAFETY_C_3_3_PRACTICE_SAFETY_PRACTICES` varchar(255) DEFAULT NULL,
 `SAFETY_Q_3_4_PPE_AVAILABILITY` varchar(255) DEFAULT NULL,
 `SAFETY_C_3_4_PPE_AVAILABILITY` varchar(255) DEFAULT NULL,
 `SAFETY_Q_3_5_PPE_USED_PROPERLY` varchar(255) DEFAULT NULL,
 `SAFETY_C_3_5_PPE_USED_PROPERLY` varchar(255) DEFAULT NULL,
 `SAFETY_Q_3_6_WATER_SOAP_AVAILABILITY` varchar(255) DEFAULT NULL,
 `SAFETY_C_3_6_WATER_SOAP_AVAILABILITY` varchar(255) DEFAULT NULL,
 `SAFETY_Q_3_7_DISINFECTANT_AVAILABLE` varchar(255) DEFAULT NULL,
 `SAFETY_C_3_7_DISINFECTANT_AVAILABLE` varchar(255) DEFAULT NULL,
 `SAFETY_Q_3_8_DISINFECTANT_LABELED_PROPERLY` varchar(255) DEFAULT NULL,
 `SAFETY_C_3_8_DISINFECTANT_LABELED_PROPERLY` varchar(255) DEFAULT NULL,
 `SAFETY_Q_3_9_SEGREGATION_OF_WASTE` varchar(255) DEFAULT NULL,
 `SAFETY_C_3_9_SEGREGATION_OF_WASTE` varchar(255) DEFAULT NULL,
 `SAFETY_Q_3_10_INFECTIOUS_WASTE_EMPTIED` varchar(255) DEFAULT NULL,
 `SAFETY_C_3_10_INFECTIOUS_WASTE_EMPTIED` varchar(255) DEFAULT NULL,
 `SAFETY_SCORE` varchar(255) DEFAULT NULL,
 `SAFETY_DISPLAY` varchar(255) DEFAULT NULL,
 `SAFETYPHOTO` text,
 `PRE_Q_4_1_NATIONAL_GUIDELINES` varchar(255) DEFAULT NULL,
 `PRE_C_4_1_NATIONAL_GUIDELINES` varchar(255) DEFAULT NULL,
 `PRE_Q_4_2_HIV_TESTING_ALGORITHM` varchar(255) DEFAULT NULL,
 `PRE_C_4_2_HIV_TESTING_ALGORITHM` varchar(255) DEFAULT NULL,
 `PRE_Q_4_3_TEST_PROCEDURES_ACCESSIBLE` varchar(255) DEFAULT NULL,
 `PRE_C_4_3_TEST_PROCEDURES_ACCESSIBLE` varchar(255) DEFAULT NULL,
 `PRE_Q_4_4_TEST_PROCEDURES_ACCURATE` varchar(255) DEFAULT NULL,
 `PRE_C_4_4_TEST_PROCEDURES_ACCURATE` varchar(255) DEFAULT NULL,
 `PRE_Q_4_5_APPROVED_KITS_AVAILABLE` varchar(255) DEFAULT NULL,
 `PRE_C_4_5_APPROVED_KITS_AVAILABLE` varchar(255) DEFAULT NULL,
 `PRE_Q_4_6_HIV_KITS_EXPIRATION` varchar(255) DEFAULT NULL,
 `PRE_C_4_6_HIV_KITS_EXPIRATION` varchar(255) DEFAULT NULL,
 `PRE_Q_4_7_KIT_SUPPLIES_AVAILABILITY` varchar(255) DEFAULT NULL,
 `PRE_C_4_7_KIT_SUPPLIES_AVAILABILITY` varchar(255) DEFAULT NULL,
 `PRE_Q_4_8_STOCK_MANAGEMENT` varchar(255) DEFAULT NULL,
 `PRE_C_4_8_STOCK_MANAGEMENT` varchar(255) DEFAULT NULL,
 `PRE_Q_4_9_DOCUMENTED_INVENTORY` varchar(255) DEFAULT NULL,
 `PRE_C_4_9_DOCUMENTED_INVENTORY` varchar(255) DEFAULT NULL,
 `PRE_Q_4_10_SOPS_BLOOD_COLLECTION` varchar(255) DEFAULT NULL,
 `PRE_C_4_10_SOPS_BLOOD_COLLECTION` varchar(255) DEFAULT NULL,
 `PRE_Q_4_11_BLOOD_COLLECTION_SUPPLIES` varchar(255) DEFAULT NULL,
 `PRE_C_4_11_BLOOD_COLLECTION_SUPPLIES` varchar(255) DEFAULT NULL,
 `PRE_Q_4_12_CLIENT_IDENTIFICATION` varchar(255) DEFAULT NULL,
 `PRE_C_4_12_CLIENT_IDENTIFICATION` varchar(255) DEFAULT NULL,
 `PRE_Q_4_13_CLIENT_ID_RECORDED` varchar(255) DEFAULT NULL,
 `PRE_C_4_13_CLIENT_ID_RECORDED` varchar(255) DEFAULT NULL,
 `PRETEST_SCORE` varchar(255) DEFAULT NULL,
 `PRETEST_Display` varchar(255) DEFAULT NULL,
 `PRETESTPHOTO` text,
 `TEST_Q_5_1_PROCEDURES_TESTING_ALGORITHM` varchar(255) DEFAULT NULL,
 `TEST_C_5_1_PROCEDURES_TESTING_ALGORITHM` varchar(255) DEFAULT NULL,
 `TEST_Q_5_2_TIMERS_AVAILABILITY` varchar(255) DEFAULT NULL,
 `TEST_C_5_2_TIMERS_AVAILABILITY` varchar(255) DEFAULT NULL,
 `TEST_Q_5_3_SAMPLE_DEVICE_ACCURACY` varchar(255) DEFAULT NULL,
 `TEST_C_5_3_SAMPLE_DEVICE_ACCURACY` varchar(255) DEFAULT NULL,
 `TEST_Q_5_4_TESTING_PROCEDURE_FOLLOWED` varchar(255) DEFAULT NULL,
 `TEST_C_5_4_TESTING_PROCEDURE_FOLLOWED` varchar(255) DEFAULT NULL,
 `TEST_Q_5_5_QUALITY_CONTROL` varchar(255) DEFAULT NULL,
 `TEST_C_5_5_QUALITY_CONTROL` varchar(255) DEFAULT NULL,
 `TEST_Q_5_6_QC_RESULTS_RECORDED` varchar(255) DEFAULT NULL,
 `TEST_C_5_6_QC_RESULTS_RECORDED` varchar(255) DEFAULT NULL,
 `TEST_Q_5_7_INCORRECT_QC_RESULTS` varchar(255) DEFAULT NULL,
 `TEST_C_5_7_INCORRECT_QC_RESULTS` varchar(255) DEFAULT NULL,
 `TEST_Q_5_8_APPROPRIATE_STEPS_TAKEN` varchar(255) DEFAULT NULL,
 `TEST_C_5_8_APPROPRIATE_STEPS_TAKEN` varchar(255) DEFAULT NULL,
 `TEST_Q_5_9_REVIEW_QC_RECORDS` varchar(255) DEFAULT NULL,
 `TEST_C_5_9_REVIEW_QC_RECORDS` varchar(255) DEFAULT NULL,
 `TEST_SCORE` varchar(255) DEFAULT NULL,
 `TEST_DISPLAY` varchar(255) DEFAULT NULL,
 `TESTPHOTO` text,
 `POST_Q_6_1_STANDARDIZED_HIV_REGISTER` varchar(255) DEFAULT NULL,
 `POST_C_6_1_STANDARDIZED_HIV_REGISTER` varchar(255) DEFAULT NULL,
 `POST_Q_6_2_ELEMENTS_CAPTURED_CORRECTLY` varchar(255) DEFAULT NULL,
 `POST_C_6_2_ELEMENTS_CAPTURED_CORRECTLY` varchar(255) DEFAULT NULL,
 `POST_Q_6_3_PAGE_TOTAL_SUMMARY` varchar(255) DEFAULT NULL,
 `POST_C_6_3_PAGE_TOTAL_SUMMARY` varchar(255) DEFAULT NULL,
 `POST_Q_6_4_INVALID_TEST_RESULT_RECORDED` varchar(255) DEFAULT NULL,
 `POST_C_6_4_INVALID_TEST_RESULT_RECORDED` varchar(255) DEFAULT NULL,
 `POST_Q_6_5_APPROPRIATE_STEPS_TAKEN` varchar(255) DEFAULT NULL,
 `POST_C_6_5_APPROPRIATE_STEPS_TAKEN` varchar(255) DEFAULT NULL,
 `POST_Q_6_6_REGISTERS_REVIEWED` varchar(255) DEFAULT NULL,
 `POST_C_6_6_REGISTERS_REVIEWED` varchar(255) DEFAULT NULL,
 `POST_Q_6_7_DOCUMENTS_SECURELY_KEPT` varchar(255) DEFAULT NULL,
 `POST_C_6_7_DOCUMENTS_SECURELY_KEPT` varchar(255) DEFAULT NULL,
 `POST_Q_6_8_REGISTER_SECURE_LOCATION` varchar(255) DEFAULT NULL,
 `POST_C_6_8_REGISTER_SECURE_LOCATION` varchar(255) DEFAULT NULL,
 `POST_Q_6_9_REGISTERS_PROPERLY_LABELED` varchar(255) DEFAULT NULL,
 `POST_C_6_9_REGISTERS_PROPERLY_LABELED` varchar(255) DEFAULT NULL,
 `POST_SCORE` varchar(255) DEFAULT NULL,
 `POST_DISPLAY` varchar(255) DEFAULT NULL,
 `POSTTESTPHOTO` text,
 `EQA_Q_7_1_PT_ENROLLMENT` varchar(255) DEFAULT NULL,
 `EQA_C_7_1_PT_ENROLLMENT` varchar(255) DEFAULT NULL,
 `EQA_Q_7_2_TESTING_EQAPT_SAMPLES` varchar(255) DEFAULT NULL,
 `EQA_C_7_2_TESTING_EQAPT_SAMPLES` varchar(255) DEFAULT NULL,
 `EQA_Q_7_3_REVIEW_BEFORE_SUBMISSION` varchar(255) DEFAULT NULL,
 `EQA_C_7_3_REVIEW_BEFORE_SUBMISSION` varchar(255) DEFAULT NULL,
 `EQA_Q_7_4_FEEDBACK_RECEIVED_REVIEWED` varchar(255) DEFAULT NULL,
 `EQA_C_7_4_FEEDBACK_RECEIVED_REVIEWED` varchar(255) DEFAULT NULL,
 `EQA_Q_7_5_IMPLEMENT_CORRECTIVE_ACTION` varchar(255) DEFAULT NULL,
 `EQA_C_7_5_IMPLEMENT_CORRECTIVE_ACTION` varchar(255) DEFAULT NULL,
 `EQA_Q_7_6_RECEIVE_PERIODIC_VISITS` varchar(255) DEFAULT NULL,
 `EQA_C_7_6_RECEIVE_PERIODIC_VISITS` varchar(255) DEFAULT NULL,
 `EQA_Q_7_7_FEEDBACK_PROVIDED_DOCUMENTED` varchar(255) DEFAULT NULL,
 `EQA_C_7_7_FEEDBACK_PROVIDED_DOCUMENTED` varchar(255) DEFAULT NULL,
 `EQA_Q_7_8_TESTERS_RETRAINED_IN_VISITS` varchar(255) DEFAULT NULL,
 `EQA_C_7_8_TESTERS_RETRAINED_IN_VISITS` varchar(255) DEFAULT NULL,
 `performrtritesting` varchar(255) DEFAULT NULL,
 `EQA_SCORE` varchar(255) DEFAULT NULL,
 `EQA_DISPLAY` varchar(255) DEFAULT NULL,
 `EQAPHOTO` text,
 `RTRI_Q_8_1_TESTERS_RECEIVED_RTRI_TRAINING` varchar(255) DEFAULT NULL,
 `RTRI_C_8_1_TESTERS_RECEIVED_RTRI_TRAINING` varchar(255) DEFAULT NULL,
 `RTRI_Q_8_2_TESTERS_DEMONSTRATED_COMPETENCY` varchar(255) DEFAULT NULL,
 `RTRI_C_8_2_TESTERS_DEMONSTRATED_COMPETENCY` varchar(255) DEFAULT NULL,
 `RTRI_Q_8_3_JOBAIDS_READILY_AVAILABLE` varchar(255) DEFAULT NULL,
 `RTRI_C_8_3_JOBAIDS_READILY_AVAILABLE` varchar(255) DEFAULT NULL,
 `RTRI_Q_8_4_SUFFICIENT_SUPPLY_AVAILABLE` varchar(255) DEFAULT NULL,
 `RTRI_C_8_4_SUFFICIENT_SUPPLY_AVAILABLE` varchar(255) DEFAULT NULL,
 `RTRI_Q_8_5_RTRI_KIT_STORAGE` varchar(255) DEFAULT NULL,
 `RTRI_C_8_5_RTRI_KIT_STORAGE` varchar(255) DEFAULT NULL,
 `RTRI_Q_8_6_RTRI_TESTING_PROCEDURE_FOLLOWED` varchar(255) DEFAULT NULL,
 `RTRI_C_8_6_RTRI_TESTING_PROCEDURE_FOLLOWED` varchar(255) DEFAULT NULL,
 `RTRI_Q_8_7_RTRI_TESTING_RESULTS_DOCUMENTED` varchar(255) DEFAULT NULL,
 `RTRI_C_8_7_RTRI_TESTING_RESULTS_DOCUMENTED` varchar(255) DEFAULT NULL,
 `RTRI_Q_8_8_QC_ROUTINELY_USED` varchar(255) DEFAULT NULL,
 `RTRI_C_8_8_QC_ROUTINELY_USED` varchar(255) DEFAULT NULL,
 `RTRI_Q_8_9_QC_RESULTS_RECORDED` varchar(255) DEFAULT NULL,
 `RTRI_C_8_9_QC_RESULTS_RECORDED` varchar(255) DEFAULT NULL,
 `RTRI_Q_8_10_INCORRECT_QC_DOCUMENTED` varchar(255) DEFAULT NULL,
 `RTRI_C_8_10_INCORRECT_QC_DOCUMENTED` varchar(255) DEFAULT NULL,
 `RTRI_Q_8_11_INVALID_RTRI_RESULTS` varchar(255) DEFAULT NULL,
 `RTRI_C_8_11_INVALID_RTRI_RESULTS` varchar(255) DEFAULT NULL,
 `RTRI_SCORE` varchar(255) DEFAULT NULL,
 `RTRI_DISPLAY` varchar(255) DEFAULT NULL,
 `RTRIPHOTO` varchar(255) DEFAULT NULL,
 `AuditRequiredScore` varchar(255) DEFAULT NULL,
 `FINAL_AUDIT_SCORE` varchar(255) DEFAULT NULL,
 `MAX_AUDIT_SCORE` varchar(255) DEFAULT NULL,
 `AUDIT_SCORE_PERCENTAGE` varchar(255) DEFAULT NULL,
 `AUDIT_SCORE_PERCANTAGE_ROUNDED` varchar(255) DEFAULT NULL,
 `staffaudited` varchar(255) DEFAULT NULL,
 `durationaudit` varchar(255) DEFAULT NULL,
 `personincharge` varchar(255) DEFAULT NULL,
 `sitecode` varchar(255) DEFAULT NULL,
 `auditEndTime` varchar(255) DEFAULT NULL,
 `endofsurvey` varchar(255) DEFAULT NULL,
 `info5` varchar(255) DEFAULT NULL,
 `info6` varchar(255) DEFAULT NULL,
 `info10` varchar(255) DEFAULT NULL,
 `info11` varchar(255) DEFAULT NULL,
 `summarypage` varchar(255) DEFAULT NULL,
 `SUMMARY_NOT_AVL` varchar(255) DEFAULT NULL,
 `info12` varchar(255) DEFAULT NULL,
 `info177` varchar(255) DEFAULT NULL,
 `info178` varchar(255) DEFAULT NULL,
 `info179` varchar(255) DEFAULT NULL,
 `info180` varchar(255) DEFAULT NULL,
 `info181` varchar(255) DEFAULT NULL,
 `info182` varchar(255) DEFAULT NULL,
 `info183` varchar(255) DEFAULT NULL,
 `info17a` varchar(255) DEFAULT NULL,
 `info21` varchar(255) DEFAULT NULL,
 `info22` varchar(255) DEFAULT NULL,
 `info23` varchar(255) DEFAULT NULL,
 `info24` varchar(255) DEFAULT NULL,
 `info25` varchar(255) DEFAULT NULL,
 `info26` varchar(255) DEFAULT NULL,
 `info27` varchar(255) DEFAULT NULL,
 `correctiveaction` text,
 `sitephoto` text,
 `Latitude` varchar(255) DEFAULT NULL,
 `Longitude` varchar(255) DEFAULT NULL,
 `Altitude` varchar(255) DEFAULT NULL,
 `Accuracy` varchar(255) DEFAULT NULL,
 `auditorSignature` text,
 `instanceID` varchar(255) DEFAULT NULL,
 `instanceName` varchar(255) DEFAULT NULL,
 `status` varchar(100) DEFAULT 'pending',
 PRIMARY KEY (`id`)
) ENGINE=MyISAM AUTO_INCREMENT=2 DEFAULT CHARSET=latin1 ROW_FORMAT=DYNAMIC;


-- Selvam 29 September 2020
INSERT INTO `resources` (`resource_id`, `display_name`) VALUES ('Application\\Controller\\SpiV5', 'Manage SPI V5 Form');

INSERT INTO `privileges` (`resource_id`, `privilege_name`, `display_name`) VALUES

('Application\\Controller\\SpiV5', 'approve-status', 'Approved Status'),
('Application\\Controller\\SpiV5', 'download-pdf', 'Download pdf'),
('Application\\Controller\\SpiV5', 'edit', 'Edit'),
('Application\\Controller\\SpiV5', 'index', 'Access'),
('Application\\Controller\\SpiV5', 'manage-facility', 'Access to edit SPI Form');

INSERT INTO `privileges` (`resource_id`, `privilege_name`, `display_name`) VALUES ('Application\\Controller\\SpiV5', 'corrective-action-pdf', 'Corrective Action PDF');

INSERT INTO `privileges` (`resource_id`, `privilege_name`, `display_name`) VALUES ('Application\\Controller\\SpiV5', 'delete', 'Delete');

INSERT INTO `privileges` (`resource_id`, `privilege_name`, `display_name`) VALUES ('Application\\Controller\\SpiV5', 'download-files', 'Download Zipped Files')

INSERT INTO `privileges` (`resource_id`, `privilege_name`, `display_name`) VALUES ('Application\\Controller\\SpiV5', 'export', 'Export All PDF');

CREATE TABLE `r_spi_form_v_5_download` (
 `r_download_id` int(11) NOT NULL AUTO_INCREMENT,
 `user` int(11) NOT NULL,
 `auditroundno` varchar(255) DEFAULT NULL,
 `assesmentofaudit` varchar(255) DEFAULT NULL,
 `testingpointtype` varchar(255) DEFAULT NULL,
 `level` varchar(255) DEFAULT NULL,
 `affiliation` varchar(255) DEFAULT NULL,
 `level_name` varchar(255) DEFAULT NULL,
 `AUDIT_SCORE_PERCENTAGE` varchar(255) DEFAULT NULL,
 `download_status` int(11) NOT NULL DEFAULT '0',
 PRIMARY KEY (`r_download_id`)
) ENGINE=InnoDB DEFAULT CHARSET=latin1;

-- Sudarmathi 05 Oct 2020
INSERT INTO `resources` (`resource_id`, `display_name`) VALUES ('Application\\Controller\\DashboardV5', 'Manage DashboardV5');
INSERT INTO `privileges` (`resource_id`, `privilege_name`, `display_name`) VALUES ('Application\\Controller\\DashboardV5', 'index', 'Access');


-- Prasath M 14-Pct-2020
INSERT INTO `global_config` (`config_id`, `display_name`, `global_name`, `global_value`) VALUES (NULL, 'Version', 'web_version', 'v3');

-- Selvam 15 Oct 2020
INSERT INTO `resources` (`resource_id`, `display_name`) VALUES
('Application\\Controller\\SpiV5Reports', 'SPI V5 Reports');

INSERT INTO `privileges` (`resource_id`, `privilege_name`, `display_name`)
 VALUES ('Application\\Controller\\SpiV5Reports', 'facility-report', 'Facility Report');

-- Selvam 31 Oct 2020
INSERT INTO `privileges` (`resource_id`, `privilege_name`, `display_name`) VALUES ('Application\\Controller\\Email', 'email-v5', 'Access V5');

-- Sudarmathi 17 Dec 2020

INSERT INTO `resources` (`resource_id`, `display_name`) VALUES ('Application\\Controller\\DashboardV6', 'Manage Dashboard V6');
INSERT INTO `privileges` (`resource_id`, `privilege_name`, `display_name`) VALUES ('Application\\Controller\\DashboardV6', 'index', 'Access');

CREATE TABLE `spi_form_v_6` (
  `id` int(11) NOT NULL,
  `token` varchar(255) NOT NULL,
  `content` varchar(255) NOT NULL,
  `formId` varchar(255) NOT NULL,
  `formVersion` varchar(255) NOT NULL,
  `meta-instance-id` varchar(255) NOT NULL,
  `meta-model-version` varchar(255) NOT NULL,
  `meta-ui-version` varchar(255) NOT NULL,
  `meta-submission-date` varchar(255) NOT NULL,
  `meta-is-complete` varchar(255) NOT NULL,
  `meta-date-marked-as-complete` varchar(255) NOT NULL,
  `start` varchar(255) DEFAULT NULL,
  `end` varchar(255) DEFAULT NULL,
  `today` date DEFAULT NULL,
  `deviceid` varchar(255) DEFAULT NULL,
  `subscriberid` varchar(255) DEFAULT NULL,
  `text_image` varchar(255) DEFAULT NULL,
  `info1` varchar(255) DEFAULT NULL,
  `info2` varchar(255) DEFAULT NULL,
  `assesmentofaudit` date NOT NULL,
  `auditEndTime` varchar(255) DEFAULT NULL,
  `auditStartTime` varchar(255) DEFAULT NULL,
  `auditroundno` varchar(255) DEFAULT NULL,
  `facility` int(11) DEFAULT NULL,
  `facilityname` varchar(255) DEFAULT NULL,
  `facilityid` varchar(255) DEFAULT NULL,
  `testingpointtype` varchar(255) DEFAULT NULL,
  `testingpointtype_other` varchar(255) DEFAULT NULL,
  `physicaladdress` varchar(255) DEFAULT NULL,
  `level` varchar(255) DEFAULT NULL,
  `level_other` varchar(255) DEFAULT NULL,
  `affiliation` varchar(255) DEFAULT NULL,
  `affiliation_other` varchar(255) DEFAULT NULL,
  `NumberofTester` varchar(255) DEFAULT NULL,
  `client_tested_HIV` varchar(255) DEFAULT NULL,
  `client_tested_HIV_PM` varchar(255) DEFAULT NULL,
  `client_tested_HIV_PQ` varchar(255) DEFAULT NULL,
  `client_newly_HIV` varchar(255) DEFAULT NULL,
  `client_newly_HIV_PM` varchar(255) DEFAULT NULL,
  `client_newly_HIV_PQ` varchar(255) DEFAULT NULL,
  `client_negative_HIV` varchar(255) DEFAULT NULL,
  `client_negative_HIV_PM` varchar(255) DEFAULT NULL,
  `client_negative_HIV_PQ` varchar(255) DEFAULT NULL,
  `client_positive_HIV_RTRI` varchar(255) DEFAULT NULL,
  `client_positive_HIV_RTRI_PM` varchar(255) DEFAULT NULL,
  `client_positive_HIV_RTRI_PQ` varchar(255) DEFAULT NULL,
  `client_recent_RTRI` varchar(255) DEFAULT NULL,
  `client_recent_RTRI_PM` varchar(255) DEFAULT NULL,
  `client_recent_RTRI_PQ` varchar(255) DEFAULT NULL,
  `name_auditor_lead` varchar(255) DEFAULT NULL,
  `name_auditor2` varchar(255) DEFAULT NULL,
  `info4` varchar(255) DEFAULT NULL,
  `INSTANCE` varchar(255) DEFAULT NULL,
  `PERSONAL_Q_1_1_HIV_TRAINING` varchar(255) DEFAULT NULL,
  `PERSONAL_C_1_1_HIV_TRAINING` varchar(255) DEFAULT NULL,
  `PERSONAL_Q_1_2_HIV_TESTING_REGISTER` varchar(255) DEFAULT NULL,
  `PERSONAL_C_1_2_HIV_TESTING_REGISTER` varchar(255) DEFAULT NULL,
  `PERSONAL_Q_1_3_EQA_PT` varchar(255) DEFAULT NULL,
  `PERSONAL_C_1_3_EQA_PT` varchar(255) DEFAULT NULL,
  `PERSONAL_Q_1_4_QC_PROCESS` varchar(255) DEFAULT NULL,
  `PERSONAL_C_1_4_QC_PROCESS` varchar(255) DEFAULT NULL,
  `PERSONAL_Q_1_5_SAFETY_MANAGEMENT` varchar(255) DEFAULT NULL,
  `PERSONAL_C_1_5_SAFETY_MANAGEMENT` varchar(255) DEFAULT NULL,
  `PERSONAL_Q_1_6_REFRESHER_TRAINING` varchar(255) DEFAULT NULL,
  `PERSONAL_C_1_6_REFRESHER_TRAINING` varchar(255) DEFAULT NULL,
  `PERSONAL_Q_1_7_HIV_COMPETENCY_TESTING` varchar(255) DEFAULT NULL,
  `PERSONAL_C_1_7_HIV_COMPETENCY_TESTING` varchar(255) DEFAULT NULL,
  `PERSONAL_Q_1_8_NATIONAL_CERTIFICATION` varchar(255) DEFAULT NULL,
  `PERSONAL_C_1_8_NATIONAL_CERTIFICATION` varchar(255) DEFAULT NULL,
  `PERSONAL_Q_1_9_CERTIFIED_TESTERS` varchar(255) DEFAULT NULL,
  `PERSONAL_C_1_9_CERTIFIED_TESTERS` varchar(255) DEFAULT NULL,
  `PERSONAL_Q_1_10_RECERTIFIED` varchar(255) DEFAULT NULL,
  `PERSONAL_C_1_10_RECERTIFIED` varchar(255) DEFAULT NULL,
  `PERSONAL_SCORE` varchar(255) DEFAULT NULL,
  `PERSONAL_Display` varchar(255) DEFAULT NULL,
  `PERSONALPHOTO` text,
  `PHYSICAL_Q_2_1_DESIGNATED_HIV_AREA` varchar(255) DEFAULT NULL,
  `PHYSICAL_C_2_1_DESIGNATED_HIV_AREA` varchar(255) DEFAULT NULL,
  `PHYSICAL_Q_2_2_CLEAN_TESTING_AREA` varchar(255) DEFAULT NULL,
  `PHYSICAL_C_2_2_CLEAN_TESTING_AREA` varchar(255) DEFAULT NULL,
  `PHYSICAL_Q_2_3_SUFFICIENT_LIGHT_AVAILABILITY` varchar(255) DEFAULT NULL,
  `PHYSICAL_C_2_3_SUFFICIENT_LIGHT_AVAILABILITY` varchar(255) DEFAULT NULL,
  `PHYSICAL_Q_2_4_TEST_KIT_STORAGE` varchar(255) DEFAULT NULL,
  `PHYSICAL_C_2_4_TEST_KIT_STORAGE` varchar(255) DEFAULT NULL,
  `PHYSICAL_Q_2_5_SUFFICIENT_SECURE_STORAGE` varchar(255) DEFAULT NULL,
  `PHYSICAL_C_2_5_SUFFICIENT_SECURE_STORAGE` varchar(255) DEFAULT NULL,
  `PHYSICAL_SCORE` varchar(255) DEFAULT NULL,
  `PHYSICAL_Display` varchar(255) DEFAULT NULL,
  `PHYSICALPHOTO` text,
  `SAFETY_Q_3_1_IMPLEMENT_SAFETY_PRACTICES` varchar(255) DEFAULT NULL,
  `SAFETY_C_3_1_IMPLEMENT_SAFETY_PRACTICES` varchar(255) DEFAULT NULL,
  `SAFETY_Q_3_2_ACCIDENTAL_EXPOSURE` varchar(255) DEFAULT NULL,
  `SAFETY_C_3_2_ACCIDENTAL_EXPOSURE` varchar(255) DEFAULT NULL,
  `SAFETY_Q_3_3_PRACTICE_SAFETY_PRACTICES` varchar(255) DEFAULT NULL,
  `SAFETY_C_3_3_PRACTICE_SAFETY_PRACTICES` varchar(255) DEFAULT NULL,
  `SAFETY_Q_3_4_PPE_AVAILABILITY` varchar(255) DEFAULT NULL,
  `SAFETY_C_3_4_PPE_AVAILABILITY` varchar(255) DEFAULT NULL,
  `SAFETY_Q_3_5_PPE_USED_PROPERLY` varchar(255) DEFAULT NULL,
  `SAFETY_C_3_5_PPE_USED_PROPERLY` varchar(255) DEFAULT NULL,
  `SAFETY_Q_3_6_WATER_SOAP_AVAILABILITY` varchar(255) DEFAULT NULL,
  `SAFETY_C_3_6_WATER_SOAP_AVAILABILITY` varchar(255) DEFAULT NULL,
  `SAFETY_Q_3_7_DISINFECTANT_AVAILABLE` varchar(255) DEFAULT NULL,
  `SAFETY_C_3_7_DISINFECTANT_AVAILABLE` varchar(255) DEFAULT NULL,
  `SAFETY_Q_3_8_DISINFECTANT_LABELED_PROPERLY` varchar(255) DEFAULT NULL,
  `SAFETY_C_3_8_DISINFECTANT_LABELED_PROPERLY` varchar(255) DEFAULT NULL,
  `SAFETY_Q_3_9_SEGREGATION_OF_WASTE` varchar(255) DEFAULT NULL,
  `SAFETY_C_3_9_SEGREGATION_OF_WASTE` varchar(255) DEFAULT NULL,
  `SAFETY_Q_3_10_INFECTIOUS_WASTE_EMPTIED` varchar(255) DEFAULT NULL,
  `SAFETY_C_3_10_INFECTIOUS_WASTE_EMPTIED` varchar(255) DEFAULT NULL,
  `SAFETY_SCORE` varchar(255) DEFAULT NULL,
  `SAFETY_DISPLAY` varchar(255) DEFAULT NULL,
  `SAFETYPHOTO` text,
  `PRE_Q_4_1_NATIONAL_GUIDELINES` varchar(255) DEFAULT NULL,
  `PRE_C_4_1_NATIONAL_GUIDELINES` varchar(255) DEFAULT NULL,
  `PRE_Q_4_2_HIV_TESTING_ALGORITHM` varchar(255) DEFAULT NULL,
  `PRE_C_4_2_HIV_TESTING_ALGORITHM` varchar(255) DEFAULT NULL,
  `PRE_Q_4_3_TEST_PROCEDURES_ACCESSIBLE` varchar(255) DEFAULT NULL,
  `PRE_C_4_3_TEST_PROCEDURES_ACCESSIBLE` varchar(255) DEFAULT NULL,
  `PRE_Q_4_4_TEST_PROCEDURES_ACCURATE` varchar(255) DEFAULT NULL,
  `PRE_C_4_4_TEST_PROCEDURES_ACCURATE` varchar(255) DEFAULT NULL,
  `PRE_Q_4_5_APPROVED_KITS_AVAILABLE` varchar(255) DEFAULT NULL,
  `PRE_C_4_5_APPROVED_KITS_AVAILABLE` varchar(255) DEFAULT NULL,
  `PRE_Q_4_6_HIV_KITS_EXPIRATION` varchar(255) DEFAULT NULL,
  `PRE_C_4_6_HIV_KITS_EXPIRATION` varchar(255) DEFAULT NULL,
  `PRE_Q_4_7_KIT_SUPPLIES_AVAILABILITY` varchar(255) DEFAULT NULL,
  `PRE_C_4_7_KIT_SUPPLIES_AVAILABILITY` varchar(255) DEFAULT NULL,
  `PRE_Q_4_8_STOCK_MANAGEMENT` varchar(255) DEFAULT NULL,
  `PRE_C_4_8_STOCK_MANAGEMENT` varchar(255) DEFAULT NULL,
  `PRE_Q_4_9_DOCUMENTED_INVENTORY` varchar(255) DEFAULT NULL,
  `PRE_C_4_9_DOCUMENTED_INVENTORY` varchar(255) DEFAULT NULL,
  `PRE_Q_4_10_SOPS_BLOOD_COLLECTION` varchar(255) DEFAULT NULL,
  `PRE_C_4_10_SOPS_BLOOD_COLLECTION` varchar(255) DEFAULT NULL,
  `PRE_Q_4_11_BLOOD_COLLECTION_SUPPLIES` varchar(255) DEFAULT NULL,
  `PRE_C_4_11_BLOOD_COLLECTION_SUPPLIES` varchar(255) DEFAULT NULL,
  `PRE_Q_4_12_CLIENT_IDENTIFICATION` varchar(255) DEFAULT NULL,
  `PRE_C_4_12_CLIENT_IDENTIFICATION` varchar(255) DEFAULT NULL,
  `PRE_Q_4_13_CLIENT_ID_RECORDED` varchar(255) DEFAULT NULL,
  `PRE_C_4_13_CLIENT_ID_RECORDED` varchar(255) DEFAULT NULL,
  `PRETEST_SCORE` varchar(255) DEFAULT NULL,
  `PRETEST_Display` varchar(255) DEFAULT NULL,
  `PRETESTPHOTO` text,
  `TEST_Q_5_1_PROCEDURES_TESTING_ALGORITHM` varchar(255) DEFAULT NULL,
  `TEST_C_5_1_PROCEDURES_TESTING_ALGORITHM` varchar(255) DEFAULT NULL,
  `TEST_Q_5_2_TIMERS_AVAILABILITY` varchar(255) DEFAULT NULL,
  `TEST_C_5_2_TIMERS_AVAILABILITY` varchar(255) DEFAULT NULL,
  `TEST_Q_5_3_SAMPLE_DEVICE_ACCURACY` varchar(255) DEFAULT NULL,
  `TEST_C_5_3_SAMPLE_DEVICE_ACCURACY` varchar(255) DEFAULT NULL,
  `TEST_Q_5_4_TESTING_PROCEDURE_FOLLOWED` varchar(255) DEFAULT NULL,
  `TEST_C_5_4_TESTING_PROCEDURE_FOLLOWED` varchar(255) DEFAULT NULL,
  `TEST_Q_5_5_QUALITY_CONTROL` varchar(255) DEFAULT NULL,
  `TEST_C_5_5_QUALITY_CONTROL` varchar(255) DEFAULT NULL,
  `TEST_Q_5_6_QC_RESULTS_RECORDED` varchar(255) DEFAULT NULL,
  `TEST_C_5_6_QC_RESULTS_RECORDED` varchar(255) DEFAULT NULL,
  `TEST_Q_5_7_INCORRECT_QC_RESULTS` varchar(255) DEFAULT NULL,
  `TEST_C_5_7_INCORRECT_QC_RESULTS` varchar(255) DEFAULT NULL,
  `TEST_Q_5_8_APPROPRIATE_STEPS_TAKEN` varchar(255) DEFAULT NULL,
  `TEST_C_5_8_APPROPRIATE_STEPS_TAKEN` varchar(255) DEFAULT NULL,
  `TEST_Q_5_9_REVIEW_QC_RECORDS` varchar(255) DEFAULT NULL,
  `TEST_C_5_9_REVIEW_QC_RECORDS` varchar(255) DEFAULT NULL,
  `TEST_SCORE` varchar(255) DEFAULT NULL,
  `TEST_DISPLAY` varchar(255) DEFAULT NULL,
  `TESTPHOTO` text,
  `POST_Q_6_1_STANDARDIZED_HIV_REGISTER` varchar(255) DEFAULT NULL,
  `POST_C_6_1_STANDARDIZED_HIV_REGISTER` varchar(255) DEFAULT NULL,
  `POST_Q_6_2_ELEMENTS_CAPTURED_CORRECTLY` varchar(255) DEFAULT NULL,
  `POST_C_6_2_ELEMENTS_CAPTURED_CORRECTLY` varchar(255) DEFAULT NULL,
  `POST_Q_6_3_PAGE_TOTAL_SUMMARY` varchar(255) DEFAULT NULL,
  `POST_C_6_3_PAGE_TOTAL_SUMMARY` varchar(255) DEFAULT NULL,
  `POST_Q_6_4_INVALID_TEST_RESULT_RECORDED` varchar(255) DEFAULT NULL,
  `POST_C_6_4_INVALID_TEST_RESULT_RECORDED` varchar(255) DEFAULT NULL,
  `POST_Q_6_5_APPROPRIATE_STEPS_TAKEN` varchar(255) DEFAULT NULL,
  `POST_C_6_5_APPROPRIATE_STEPS_TAKEN` varchar(255) DEFAULT NULL,
  `POST_Q_6_6_REGISTERS_REVIEWED` varchar(255) DEFAULT NULL,
  `POST_C_6_6_REGISTERS_REVIEWED` varchar(255) DEFAULT NULL,
  `POST_Q_6_7_DOCUMENTS_SECURELY_KEPT` varchar(255) DEFAULT NULL,
  `POST_C_6_7_DOCUMENTS_SECURELY_KEPT` varchar(255) DEFAULT NULL,
  `POST_Q_6_8_REGISTER_SECURE_LOCATION` varchar(255) DEFAULT NULL,
  `POST_C_6_8_REGISTER_SECURE_LOCATION` varchar(255) DEFAULT NULL,
  `POST_Q_6_9_REGISTERS_PROPERLY_LABELED` varchar(255) DEFAULT NULL,
  `POST_C_6_9_REGISTERS_PROPERLY_LABELED` varchar(255) DEFAULT NULL,
  `POST_SCORE` varchar(255) DEFAULT NULL,
  `POST_DISPLAY` varchar(255) DEFAULT NULL,
  `POSTTESTPHOTO` text,
  `EQA_Q_7_1_PT_ENROLLMENT` varchar(255) DEFAULT NULL,
  `EQA_C_7_1_PT_ENROLLMENT` varchar(255) DEFAULT NULL,
  `EQA_Q_7_2_TESTING_EQAPT_SAMPLES` varchar(255) DEFAULT NULL,
  `EQA_C_7_2_TESTING_EQAPT_SAMPLES` varchar(255) DEFAULT NULL,
  `EQA_Q_7_3_REVIEW_BEFORE_SUBMISSION` varchar(255) DEFAULT NULL,
  `EQA_C_7_3_REVIEW_BEFORE_SUBMISSION` varchar(255) DEFAULT NULL,
  `EQA_Q_7_4_FEEDBACK_RECEIVED_REVIEWED` varchar(255) DEFAULT NULL,
  `EQA_C_7_4_FEEDBACK_RECEIVED_REVIEWED` varchar(255) DEFAULT NULL,
  `EQA_Q_7_5_IMPLEMENT_CORRECTIVE_ACTION` varchar(255) DEFAULT NULL,
  `EQA_C_7_5_IMPLEMENT_CORRECTIVE_ACTION` varchar(255) DEFAULT NULL,
  `EQA_Q_7_6_RECEIVE_PERIODIC_VISITS` varchar(255) DEFAULT NULL,
  `EQA_C_7_6_RECEIVE_PERIODIC_VISITS` varchar(255) DEFAULT NULL,
  `EQA_Q_7_7_FEEDBACK_PROVIDED_DOCUMENTED` varchar(255) DEFAULT NULL,
  `EQA_C_7_7_FEEDBACK_PROVIDED_DOCUMENTED` varchar(255) DEFAULT NULL,
  `EQA_Q_7_8_TESTERS_RETRAINED_IN_VISITS` varchar(255) DEFAULT NULL,
  `EQA_C_7_8_TESTERS_RETRAINED_IN_VISITS` varchar(255) DEFAULT NULL,
  `performrtritesting` varchar(255) DEFAULT NULL,
  `EQA_SCORE` varchar(255) DEFAULT NULL,
  `EQA_DISPLAY` varchar(255) DEFAULT NULL,
  `EQAPHOTO` text,
  `RTRI_Q_8_1_TESTERS_RECEIVED_RTRI_TRAINING` varchar(255) DEFAULT NULL,
  `RTRI_C_8_1_TESTERS_RECEIVED_RTRI_TRAINING` varchar(255) DEFAULT NULL,
  `RTRI_Q_8_2_TESTERS_DEMONSTRATED_COMPETENCY` varchar(255) DEFAULT NULL,
  `RTRI_C_8_2_TESTERS_DEMONSTRATED_COMPETENCY` varchar(255) DEFAULT NULL,
  `RTRI_Q_8_3_JOBAIDS_READILY_AVAILABLE` varchar(255) DEFAULT NULL,
  `RTRI_C_8_3_JOBAIDS_READILY_AVAILABLE` varchar(255) DEFAULT NULL,
  `RTRI_Q_8_4_SUFFICIENT_SUPPLY_AVAILABLE` varchar(255) DEFAULT NULL,
  `RTRI_C_8_4_SUFFICIENT_SUPPLY_AVAILABLE` varchar(255) DEFAULT NULL,
  `RTRI_Q_8_5_RTRI_KIT_STORAGE` varchar(255) DEFAULT NULL,
  `RTRI_C_8_5_RTRI_KIT_STORAGE` varchar(255) DEFAULT NULL,
  `RTRI_Q_8_6_RTRI_TESTING_PROCEDURE_FOLLOWED` varchar(255) DEFAULT NULL,
  `RTRI_C_8_6_RTRI_TESTING_PROCEDURE_FOLLOWED` varchar(255) DEFAULT NULL,
  `RTRI_Q_8_7_RTRI_TESTING_RESULTS_DOCUMENTED` varchar(255) DEFAULT NULL,
  `RTRI_C_8_7_RTRI_TESTING_RESULTS_DOCUMENTED` varchar(255) DEFAULT NULL,
  `RTRI_Q_8_8_QC_ROUTINELY_USED` varchar(255) DEFAULT NULL,
  `RTRI_C_8_8_QC_ROUTINELY_USED` varchar(255) DEFAULT NULL,
  `RTRI_Q_8_9_QC_RESULTS_RECORDED` varchar(255) DEFAULT NULL,
  `RTRI_C_8_9_QC_RESULTS_RECORDED` varchar(255) DEFAULT NULL,
  `RTRI_Q_8_10_INCORRECT_QC_DOCUMENTED` varchar(255) DEFAULT NULL,
  `RTRI_C_8_10_INCORRECT_QC_DOCUMENTED` varchar(255) DEFAULT NULL,
  `RTRI_Q_8_11_INVALID_RTRI_RESULTS` varchar(255) DEFAULT NULL,
  `RTRI_C_8_11_INVALID_RTRI_RESULTS` varchar(255) DEFAULT NULL,
  `RTRI_SCORE` varchar(255) DEFAULT NULL,
  `RTRI_DISPLAY` varchar(255) DEFAULT NULL,
  `RTRIPHOTO` varchar(255) DEFAULT NULL,
  `AuditRequiredScore` varchar(255) DEFAULT NULL,
  `FINAL_AUDIT_SCORE` varchar(255) DEFAULT NULL,
  `MAX_AUDIT_SCORE` varchar(255) DEFAULT NULL,
  `AUDIT_SCORE_PERCENTAGE` varchar(255) DEFAULT NULL,
  `AUDIT_SCORE_PERCANTAGE_ROUNDED` varchar(255) DEFAULT NULL,
  `staffaudited` varchar(255) DEFAULT NULL,
  `durationaudit` varchar(255) DEFAULT NULL,
  `personincharge` varchar(255) DEFAULT NULL,
  `sitecode` varchar(255) DEFAULT NULL,
  `endofsurvey` varchar(255) DEFAULT NULL,
  `info5` varchar(255) DEFAULT NULL,
  `info6` varchar(255) DEFAULT NULL,
  `info10` varchar(255) DEFAULT NULL,
  `info11` varchar(255) DEFAULT NULL,
  `summarypage` varchar(255) DEFAULT NULL,
  `SUMMARY_NOT_AVL` varchar(255) DEFAULT NULL,
  `info12` varchar(255) DEFAULT NULL,
  `info177` varchar(255) DEFAULT NULL,
  `info178` varchar(255) DEFAULT NULL,
  `info179` varchar(255) DEFAULT NULL,
  `info180` varchar(255) DEFAULT NULL,
  `info181` varchar(255) DEFAULT NULL,
  `info182` varchar(255) DEFAULT NULL,
  `info183` varchar(255) DEFAULT NULL,
  `info17a` varchar(255) DEFAULT NULL,
  `info21` varchar(255) DEFAULT NULL,
  `info22` varchar(255) DEFAULT NULL,
  `info23` varchar(255) DEFAULT NULL,
  `info24` varchar(255) DEFAULT NULL,
  `info25` varchar(255) DEFAULT NULL,
  `info26` varchar(255) DEFAULT NULL,
  `info27` varchar(255) DEFAULT NULL,
  `correctiveaction` text,
  `sitephoto` text,
  `Latitude` varchar(255) DEFAULT NULL,
  `Longitude` varchar(255) DEFAULT NULL,
  `Altitude` varchar(255) DEFAULT NULL,
  `Accuracy` varchar(255) DEFAULT NULL,
  `auditorSignature` text,
  `instanceID` varchar(255) DEFAULT NULL,
  `instanceName` varchar(255) DEFAULT NULL,
  `status` varchar(100) DEFAULT 'pending'
) ENGINE=MyISAM DEFAULT CHARSET=latin1 ROW_FORMAT=DYNAMIC;

ALTER TABLE `spi_form_v_6`
  ADD PRIMARY KEY (`id`);

CREATE TABLE `spi_v6_form_labels` (
  `id` int(11) NOT NULL,
  `field` varchar(255) NOT NULL,
  `short_label` varchar(255) DEFAULT NULL,
  `label` text NOT NULL
) ENGINE=InnoDB DEFAULT CHARSET=latin1;

ALTER TABLE `spi_v6_form_labels`
  ADD PRIMARY KEY (`id`);

INSERT INTO `spi_v6_form_labels` (`id`, `field`, `short_label`, `label`) VALUES
(1, 'start', '', ''),
(2, 'end', '', ''),
(3, 'today', '', ''),
(4, 'deviceid', '', ''),
(5, 'subscriberid', '', 'Label'),
(6, 'text_image', '', 'SPI-RRT Checklist Ver 5.0'),
(7, 'info1', '', 'Stepwise Process for Improving the Quality of HIV Rapid and Recency Testing (SPI-RRT) Checklist'),
(8, 'TESTSITE', '', 'Testing Site Information'),
(9, 'FACILITY', '', 'Facility Information'),
(10, 'info2', '', 'PART A: CHARACTERISTICS OF THE FACILITY OR TESTING POINT AUDITED'),
(13, 'assesmentofaudit', '', 'Date of Audit:'),
(14, 'auditStartTime', '', 'Audit Start Time:'),
(15, 'auditroundno', '', 'Audit Round No.:'),
(16, 'facilityname', '', 'Testing Facility Name:'),
(17, 'facilityid', '', 'Testing Facility ID (if applicable)'),
(18, 'physicaladdress', '', 'Physical Address'),
(19, 'testingpointtype', '', 'Type of testing point'),
(20, 'level', '', 'Level:'),
(21, 'affiliation', '', 'Affiliation :'),
(22, 'NumberofTester', '', 'Number of Testers:'),
(23, 'client_tested_HIV', '', 'Number of clients tested for HIV:'),
(24, 'client_tested_HIV_PM', '', 'Past Month:  '),
(25, 'client_tested_HIV_PQ', '', 'Past Quarter:  '),
(27, 'client_newly_HIV', '', 'Number of newly identified HIV positives:'),
(28, 'client_newly_HIV_PM', '', 'Past Month:  '),
(29, 'client_newly_HIV_PQ', '', 'Past Quarter:  '),
(31, 'client_negative_HIV', '', 'Number of HIV negatives:'),
(32, 'client_negative_HIV_PM', '', 'Past Month:  '),
(33, 'client_negative_HIV_PQ', '', 'Past Quarter:  '),
(35, 'client_positive_HIV_RTRI', '', 'Number of newly identified HIV positives tested by RTRI :'),
(36, 'client_positive_HIV_RTRI_PM', '', 'Past Month:  '),
(37, 'client_positive_HIV_RTRI_PQ', '', 'Past Quarter:  '),
(39, 'client_recent_RTRI', '', 'Number of  Recent by RTRI or RITA:'),
(40, 'client_recent_RTRI_PM', '', 'Past Month:  '),
(41, 'client_recent_RTRI_PQ', '', 'Past Quarter:  '),
(43, 'name_auditor_lead', '', 'Name of the Auditor 1:'),
(44, 'nameOfAuditor2', '', 'Name of the Auditor 2:'),
(45, 'INSTANCE', '', ''),
(47, 'SPIRRT', '', 'SPI -RRT - Checklist'),
(48, 'info4', '', 'PART B. SPI - RRT Checklist'),
(50, 'PERSONAL', '', '1.0 PERSONNEL TRAINING AND CERTIFICATION   - (Max Score 10)'),
(52, 'PERSONAL_Q_1_1_HIV_TRAINING', '', '1.1 Have all testers received a comprehensive training on HIV rapid testing using the nationally approved curriculum?'),
(53, 'PERSONAL_C_1_1_HIV_TRAINING', '', 'Comments :'),
(56, 'PERSONAL_Q_1_2_HIV_TESTING_REGISTER', '', '1.2 Are the testers trained on the use of standardized HIV testing registers/logbooks?'),
(57, 'PERSONAL_C_1_2_HIV_TESTING_REGISTER', '', 'Comments :'),
(60, 'PERSONAL_Q_1_3_EQA_PT', '', '1.3 Are the testers trained on external quality assessment (EQA) or proficiency testing (PT) process?'),
(61, 'PERSONAL_C_1_3_EQA_PT', '', 'Comments :'),
(64, 'PERSONAL_Q_1_4_QC_PROCESS', '', '1.4 Are the testers trained on quality control (QC) process?'),
(65, 'PERSONAL_C_1_4_QC_PROCESS', '', 'Comments :'),
(68, 'PERSONAL_Q_1_5_SAFETY_MANAGEMENT', '', '1.5 Are the testers trained on safety and waste management procedures and practices?'),
(69, 'PERSONAL_C_1_5_SAFETY_MANAGEMENT', '', 'Comments :'),
(72, 'PERSONAL_Q_1_6_REFRESHER_TRAINING', '', '1.6 Have all testers received a refresher training within the last two years?'),
(73, 'PERSONAL_C_1_6_REFRESHER_TRAINING', '', 'Comments :'),
(76, 'PERSONAL_Q_1_7_HIV_COMPETENCY_TESTING', '', '1.7 Are there records indicating all testers have demonstrated competency in HIV rapid testing prior to client testing?'),
(77, 'PERSONAL_C_1_7_HIV_COMPETENCY_TESTING', '', 'Comments :'),
(80, 'PERSONAL_Q_1_8_NATIONAL_CERTIFICATION', '', '1.8 Have all testers been certified through a national certification program?     '),
(81, 'PERSONAL_C_1_8_NATIONAL_CERTIFICATION', '', 'Comments :'),
(84, 'PERSONAL_Q_1_9_CERTIFIED_TESTERS', '', '1.9 Are only certified testers performing HIV rapid testing at the site?'),
(85, 'PERSONAL_C_1_9_CERTIFIED_TESTERS', '', 'Comments :'),
(88, 'PERSONAL_Q_1_10_RECERTIFIED', '', '1.10 Are all testers re-certified periodically (e.g., every two years)?'),
(89, 'PERSONAL_C_1_10_RECERTIFIED', '', 'Comments :'),
(91, 'PERSONAL_SCORE', '', ''),
(92, 'PERSONAL_Display', '', '1.0 PERSONNEL TRAINING AND CERTIFICATION SCORE'),
(93, 'PERSONALPHOTO', '', 'Photo - Personal Training and Certification'),
(95, 'PHYSICAL', '', '2.0 PHYSICAL FACILITY - (Max Score 5)'),
(97, 'PHYSICAL_Q_2_1_DESIGNATED_HIV_AREA', '', '2.1 Is there a designated area for HIV testing?'),
(98, 'PHYSICAL_C_2_1_DESIGNATED_HIV_AREA', '', 'Comments :'),
(101, 'PHYSICAL_Q_2_2_CLEAN_TESTING_AREA', '', '2.2 Is the testing area clean and organized for HIV rapid testing?'),
(102, 'PHYSICAL_C_2_2_CLEAN_TESTING_AREA', '', 'Comments :'),
(105, 'PHYSICAL_Q_2_3_SUFFICIENT_LIGHT_AVAILABILITY', '', '2.3 Is sufficient lighting available in the designated testing area?'),
(106, 'PHYSICAL_C_2_3_SUFFICIENT_LIGHT_AVAILABILITY', '', 'Comments :'),
(109, 'PHYSICAL_Q_2_4_TEST_KIT_STORAGE', '', '2.4  Are the test kits stored according to manufacturers instructions?'),
(110, 'PHYSICAL_C_2_4_TEST_KIT_STORAGE', '', 'Comments :'),
(113, 'PHYSICAL_Q_2_5_SUFFICIENT_SECURE_STORAGE', '', '2.5 Is there sufficient and secure storage space for test kits and other consumables?'),
(114, 'PHYSICAL_C_2_5_SUFFICIENT_SECURE_STORAGE', '', 'Comments :'),
(116, 'PHYSICAL_SCORE', '', ''),
(117, 'PHYSICAL_Display', '', '2.0 PHYSICAL FACILITY SCORE'),
(118, 'PHYSICALPHOTO', '', 'Photo - Physical Facility'),
(120, 'SAFETY', '', '3.0 SAFETY - (Max Score - 10)'),
(122, 'SAFETY_Q_3_1_IMPLEMENT_SAFETY_PRACTICES', '', '3.1 Are there SOPs and/or job aides in place to implement safety practices?'),
(123, 'SAFETY_C_3_1_IMPLEMENT_SAFETY_PRACTICES', '', 'Comments :'),
(126, 'SAFETY_Q_3_2_ACCIDENTAL_EXPOSURE', '', '3.2 Are there SOPs and/or job aides in place to address accidental exposure to potentially infectious body fluids through a needle stick injury, splash or other sharps injury?'),
(127, 'SAFETY_C_3_2_ACCIDENTAL_EXPOSURE', '', 'Comments :'),
(130, 'SAFETY_Q_3_3_PRACTICE_SAFETY_PRACTICES', '', '3.3 Are testers and those visiting the testing area following the safety practices outlined in the SOPs and/or job aides?'),
(131, 'SAFETY_C_3_3_PRACTICE_SAFETY_PRACTICES', '', 'Comments :'),
(134, 'SAFETY_Q_3_4_PPE_AVAILABILITY', '', '3.4 Is personal protective equipment (PPE) always available to testers?'),
(135, 'SAFETY_C_3_4_PPE_AVAILABILITY', '', 'Comments :'),
(138, 'SAFETY_Q_3_5_PPE_USED_PROPERLY', '', '3.5 Is PPE properly used by all testers consistently throughout the testing process?'),
(139, 'SAFETY_C_3_5_PPE_USED_PROPERLY', '', 'Comments :'),
(142, 'SAFETY_Q_3_6_WATER_SOAP_AVAILABILITY', '', '3.6 Is there clean water and soap available for hand washing and is it consistently used?'),
(143, 'SAFETY_C_3_6_WATER_SOAP_AVAILABILITY', '', 'Comments :'),
(146, 'SAFETY_Q_3_7_DISINFECTANT_AVAILABLE', '', '3.7 Is there an appropriate disinfectant to clean the work area available?'),
(147, 'SAFETY_C_3_7_DISINFECTANT_AVAILABLE', '', 'Comments :'),
(150, 'SAFETY_Q_3_8_DISINFECTANT_LABELED_PROPERLY', '', '3.8 Is the disinfectant solution available properly labeled with content, date of preparation and date of expiration?'),
(151, 'SAFETY_C_3_8_DISINFECTANT_LABELED_PROPERLY', '', 'Comments :'),
(154, 'SAFETY_Q_3_9_SEGREGATION_OF_WASTE', '', '3.9 Are sharps, infectious and non-infectious waste disposed of according to the segregation instructions?'),
(155, 'SAFETY_C_3_9_SEGREGATION_OF_WASTE', '', 'Comments :'),
(158, 'SAFETY_Q_3_10_INFECTIOUS_WASTE_EMPTIED', '', '3.10 Are infectious and non-infectious waste containers emptied regularly per the SOP and/or job aides?'),
(159, 'SAFETY_C_3_10_INFECTIOUS_WASTE_EMPTIED', '', 'Comments :'),
(161, 'SAFETY_SCORE', '', ''),
(162, 'SAFETY_DISPLAY', '', '3.0 SAFETY SCORE'),
(163, 'SAFETYPHOTO', '', 'Photo - Safety'),
(165, 'PRETEST', '', '4.0 PRE-TESTING PHASE - (Max Score 13)'),
(167, 'PRE_Q_4_1_NATIONAL_GUIDELINES', '', '4.1 Are there national HIV testing guidelines available at the testing point?'),
(168, 'PRE_C_4_1_NATIONAL_GUIDELINES', '', 'Comments :'),
(171, 'PRE_Q_4_2_HIV_TESTING_ALGORITHM', '', '4.2 Is the national HIV testing algorithm(s) consistently being used at the testing site?'),
(172, 'PRE_C_4_2_HIV_TESTING_ALGORITHM', '', 'Comments :'),
(175, 'PRE_Q_4_3_TEST_PROCEDURES_ACCESSIBLE', '', '4.3 Are SOPs and/or job aides on HIV rapid test procedures and the national HIV rapid test algorithm(s) available and easily accessible at the testing site?'),
(176, 'PRE_C_4_3_TEST_PROCEDURES_ACCESSIBLE', '', 'Comments :'),
(179, 'PRE_Q_4_4_TEST_PROCEDURES_ACCURATE', '', '4.4 Are SOPs and/or job aides on HIV rapid test procedures and the national testing algorithm up-to-date and accurate?'),
(180, 'PRE_C_4_4_TEST_PROCEDURES_ACCURATE', '', 'Comments :'),
(183, 'PRE_Q_4_5_APPROVED_KITS_AVAILABLE', '', '4.5 Are only nationally approved HIV rapid test kits available for use?'),
(184, 'PRE_C_4_5_APPROVED_KITS_AVAILABLE', '', 'Comments :'),
(187, 'PRE_Q_4_6_HIV_KITS_EXPIRATION', '', '4.6 Are all the test kits currently in use within the expiration date?'),
(188, 'PRE_C_4_6_HIV_KITS_EXPIRATION', '', 'Comments :'),
(191, 'PRE_Q_4_7_KIT_SUPPLIES_AVAILABILITY', '', '4.7 Are all required test kit components (i.e. test device, buffer, sample collection device, etc.) and supplies available prior to testing?'),
(192, 'PRE_C_4_7_KIT_SUPPLIES_AVAILABILITY', '', 'Comments :'),
(195, 'PRE_Q_4_8_STOCK_MANAGEMENT', '', '4.8 Is there a process in place for stock management?'),
(196, 'PRE_C_4_8_STOCK_MANAGEMENT', '', 'Comments :'),
(199, 'PRE_Q_4_9_DOCUMENTED_INVENTORY', '', '4.9 Is there a documented inventory system in place at the testing point for test kits received (i.e. who received them, date of receipt, etc.)?'),
(200, 'PRE_C_4_9_DOCUMENTED_INVENTORY', '', 'Comments :'),
(203, 'PRE_Q_4_10_SOPS_BLOOD_COLLECTION', '', '4.10 Are job aides on finger prick or venous blood collection available and posted at the testing point?'),
(204, 'PRE_C_4_10_SOPS_BLOOD_COLLECTION', '', 'Comments :'),
(207, 'PRE_Q_4_11_BLOOD_COLLECTION_SUPPLIES', '', '4.11 Are there sufficient supplies available for finger prick or venous blood collection (i.e. lancet, gauze, alcohol swab, etc.)?'),
(208, 'PRE_C_4_11_BLOOD_COLLECTION_SUPPLIES', '', 'Comments :'),
(211, 'PRE_Q_4_12_CLIENT_IDENTIFICATION', '', '4.12 Are there SOPs and/or job aides describing how client identification should be recorded in the HIV testing register?'),
(212, 'PRE_C_4_12_CLIENT_IDENTIFICATION', '', 'Comments :'),
(215, 'PRE_Q_4_13_CLIENT_ID_RECORDED', '', '4.13 Are client identifiers recorded in the HIV testing register and on test devices per SOPs and/or job aide?'),
(216, 'PRE_C_4_13_CLIENT_ID_RECORDED', '', 'Comments :'),
(218, 'PRETEST_SCORE', '', ''),
(219, 'PRETEST_Display', '', '4.0 PRE-TESTING PHASE'),
(220, 'PRETESTPHOTO', '', 'Photo - Pre-Testing'),
(222, 'TEST', '', '5.0 TESTING PHASE  - (Max Score 9)'),
(224, 'TEST_Q_5_1_PROCEDURES_TESTING_ALGORITHM', '', '5.1 Are SOPs and/or job aides on HIV testing procedures and the national testing algorithm being referred to and followed during testing?'),
(225, 'TEST_C_5_1_PROCEDURES_TESTING_ALGORITHM', '', 'Comments :'),
(228, 'TEST_Q_5_2_TIMERS_AVAILABILITY', '', '5.2 Are timers available and used routinely for HIV rapid testing?'),
(229, 'TEST_C_5_2_TIMERS_AVAILABILITY', '', 'Comments :'),
(232, 'TEST_Q_5_3_SAMPLE_DEVICE_ACCURACY', '', '5.3 Are sample collection devices (e.g., capillary tube, loop, disposable pipettes, etc.) used accurately to perform the test?'),
(233, 'TEST_C_5_3_SAMPLE_DEVICE_ACCURACY', '', 'Comments :'),
(236, 'TEST_Q_5_4_TESTING_PROCEDURE_FOLLOWED', '', '5.4 Are testing procedures adequately followed?'),
(237, 'TEST_C_5_4_TESTING_PROCEDURE_FOLLOWED', '', 'Comments :'),
(240, 'TEST_Q_5_5_QUALITY_CONTROL', '', '5.5 Are external positive and negative quality control (QC) specimens routinely used (e.g., daily, weekly or monthly) according to SOPs or guidelines?'),
(241, 'TEST_C_5_5_QUALITY_CONTROL', '', 'Comments :'),
(244, 'TEST_Q_5_6_QC_RESULTS_RECORDED', '', '5.6 Are QC results properly recorded?'),
(245, 'TEST_C_5_6_QC_RESULTS_RECORDED', '', 'Comments :'),
(248, 'TEST_Q_5_7_INCORRECT_QC_RESULTS', '', '5.7 Are incorrect/invalid QC results properly recorded?'),
(249, 'TEST_C_5_7_INCORRECT_QC_RESULTS', '', 'Comments :'),
(252, 'TEST_Q_5_8_APPROPRIATE_STEPS_TAKEN', '', '5.8 Are appropriate steps taken and documented when QC results are incorrect and/or invalid?'),
(253, 'TEST_C_5_8_APPROPRIATE_STEPS_TAKEN', '', 'Comments :'),
(256, 'TEST_Q_5_9_REVIEW_QC_RECORDS', '', '5.9 Are QC records reviewed by the person in charge routinely?'),
(257, 'TEST_C_5_9_REVIEW_QC_RECORDS', '', 'Comments :'),
(259, 'TEST_SCORE', '', ''),
(260, 'TEST_DISPLAY', '', '5.0 TESTING PHASE  '),
(261, 'TESTPHOTO', '', 'Photo -Testing'),
(263, 'POSTTEST', '', ' 6.0 POST-TESTING PHASE - DOCUMENTS AND RECORDS (Max Score 9)'),
(265, 'POST_Q_6_1_STANDARDIZED_HIV_REGISTER', '', '6.1 Is there a national standardized HIV rapid testing register/logbook that includes all of the key quality elements available and in use?'),
(266, 'POST_C_6_1_STANDARDIZED_HIV_REGISTER', '', 'Comments :'),
(269, 'POST_Q_6_2_ELEMENTS_CAPTURED_CORRECTLY', '', '6.2 Are all the elements in the register/ logbook recorded/captured correctly?  (e.g., client demographics, kit names, lot numbers, expiration dates, tester name, individual and final HIV results, etc.)?'),
(270, 'POST_C_6_2_ELEMENTS_CAPTURED_CORRECTLY', '', 'Comments :'),
(273, 'POST_Q_6_3_PAGE_TOTAL_SUMMARY', '', '6.3 Is the total summary at the end of each page of the register/logbooks complied accurately?'),
(274, 'POST_C_6_3_PAGE_TOTAL_SUMMARY', '', 'Comments :'),
(277, 'POST_Q_6_4_INVALID_TEST_RESULT_RECORDED', '', '6.4 Are invalid test results recorded properly in the register/logbook?'),
(278, 'POST_C_6_4_INVALID_TEST_RESULT_RECORDED', '', 'Comments :'),
(281, 'POST_Q_6_5_APPROPRIATE_STEPS_TAKEN', '', '6.5 Are appropriate steps taken and documented when a result is invalid?'),
(282, 'POST_C_6_5_APPROPRIATE_STEPS_TAKEN', '', 'Comments :'),
(285, 'POST_Q_6_6_REGISTERS_REVIEWED', '', '6.6 Are the register/logbook pages routinely reviewed for accuracy and completeness by the person in charge?'),
(286, 'POST_C_6_6_REGISTERS_REVIEWED', '', 'Comments :'),
(289, 'POST_Q_6_7_DOCUMENTS_SECURELY_KEPT', '', '6.7 Are all client documents and records securely kept throughout all phases of the testing process?'),
(290, 'POST_C_6_7_DOCUMENTS_SECURELY_KEPT', '', 'Comments :'),
(293, 'POST_Q_6_8_REGISTER_SECURE_LOCATION', '', '6.8 Are all registers/logbooks and other documents kept in a secure location when not in use?'),
(294, 'POST_C_6_8_REGISTER_SECURE_LOCATION', '', 'Comments :'),
(297, 'POST_Q_6_9_REGISTERS_PROPERLY_LABELED', '', '6.9 Are registers/logbooks properly labeled and archived when full?'),
(298, 'POST_C_6_9_REGISTERS_PROPERLY_LABELED', '', 'Comments :'),
(300, 'POST_SCORE', '', ''),
(301, 'POST_DISPLAY', '', ' 6.0 POST-TESTING PHASE - DOCUMENTS AND RECORDS'),
(302, 'POSTTESTPHOTO', '', 'Photo -Post Testing'),
(304, 'EQA', '', '7.0  EXTERNAL QUALITY AUDIT (PROFICIENCY TESTING/EQA AND  SITE SUPERVISION) - (Max Score 8 )'),
(306, 'EQA_Q_7_1_PT_ENROLLMENT', '', '7.1 Is the testing point enrolled in an EQA/PT program?'),
(307, 'EQA_C_7_1_PT_ENROLLMENT', '', 'Comments :'),
(310, 'EQA_Q_7_2_TESTING_EQAPT_SAMPLES', '', '7.2 Do all testers at the testing point test the EQA/PT samples?'),
(311, 'EQA_C_7_2_TESTING_EQAPT_SAMPLES', '', 'Comments :'),
(314, 'EQA_Q_7_3_REVIEW_BEFORE_SUBMISSION', '', '7.3 Does the person in charge at the testing point review the EQA/PT results before submission to NRL or designee?'),
(315, 'EQA_C_7_3_REVIEW_BEFORE_SUBMISSION', '', 'Comments :'),
(318, 'EQA_Q_7_4_FEEDBACK_RECEIVED_REVIEWED', '', '7.4 Is an EQA/PT report received from NRL and reviewed by testers and/or the person in charge at the testing point?'),
(319, 'EQA_C_7_4_FEEDBACK_RECEIVED_REVIEWED', '', 'Comments :'),
(322, 'EQA_Q_7_5_IMPLEMENT_CORRECTIVE_ACTION', '', '7.5 Does the testing point implement corrective action in case of unsatisfactory results?'),
(323, 'EQA_C_7_5_IMPLEMENT_CORRECTIVE_ACTION', '', 'Comments :'),
(326, 'EQA_Q_7_6_RECEIVE_PERIODIC_VISITS', '', '7.6 Does the testing point receive periodic supervisory visits?'),
(327, 'EQA_C_7_6_RECEIVE_PERIODIC_VISITS', '', 'Comments :'),
(330, 'EQA_Q_7_7_FEEDBACK_PROVIDED_DOCUMENTED', '', '7.7 Is feedback provided during supervisory visit and documented?'),
(331, 'EQA_C_7_7_FEEDBACK_PROVIDED_DOCUMENTED', '', 'Comments :'),
(334, 'EQA_Q_7_8_TESTERS_RETRAINED_IN_VISITS', '', '7.8 If testers need to be retrained, are they being retrained during the supervisory visit?'),
(335, 'EQA_C_7_8_TESTERS_RETRAINED_IN_VISITS', '', 'Comments :'),
(336, 'EQA_SCORE', '', ''),
(337, 'EQA_DISPLAY', '', '7.0 EXTERNAL QUALITY ASSESSMENT ( PROFICIENCY TESTING/EQA AND SITE SUPERVISION) SCORE'),
(338, 'EQAPHOTO', '', 'Photo -External Quality Assesment'),
(342, 'performrtritesting', '', 'If the country has implemented HIV-1 Recent Infection Surveillance and the testing site is performing the Rapid Test for Recent Infection (RTRI)'),
(345, 'INFECTIONSUR', '', '8.0 HIV-1 RECENT INFECTION SURVEILLANCE USING THE RAPID TEST FOR RECENT INFECTION '),
(347, 'RTRI_Q_8_1_TESTERS_RECEIVED_RTRI_TRAINING', '', '8.1 Have all testers received a comprehensive training on RTRI?'),
(348, 'RTRI_C_8_1_TESTERS_RECEIVED_RTRI_TRAINING', '', 'Comments :'),
(351, 'RTRI_Q_8_2_TESTERS_DEMONSTRATED_COMPETENCY', '', '8.2 Are there records indicating all testers have demonstrated competency in RTRI prior to testing?'),
(352, 'RTRI_C_8_2_TESTERS_DEMONSTRATED_COMPETENCY', '', 'Comments :'),
(355, 'RTRI_Q_8_3_JOBAIDS_READILY_AVAILABLE', '', '8.3 Are all current versions of recency/RTRI SOPs and/or job aids readily available at the site? '),
(356, 'RTRI_C_8_3_JOBAIDS_READILY_AVAILABLE', '', 'Comments :'),
(359, 'RTRI_Q_8_4_SUFFICIENT_SUPPLY_AVAILABLE', '', '8.4 Is there a sufficient supply of RTRI tests available at the site?\nPlease provide number of tests currently available.\n'),
(360, 'RTRI_C_8_4_SUFFICIENT_SUPPLY_AVAILABLE', '', 'Comments :'),
(363, 'RTRI_Q_8_5_RTRI_KIT_STORAGE', '', '8.5 Are the test kits kept in a temperature controlled environment based on the manufacturers instructions?'),
(364, 'RTRI_C_8_5_RTRI_KIT_STORAGE', '', 'Comments :'),
(367, 'RTRI_Q_8_6_RTRI_TESTING_PROCEDURE_FOLLOWED', '', '8.6 Are RTRI testing procedures being followed (i.e. right volume of sample using correct sample application device, correct read time, correct result interpretation)?'),
(368, 'RTRI_C_8_6_RTRI_TESTING_PROCEDURE_FOLLOWED', '', 'Comments :'),
(371, 'RTRI_Q_8_7_RTRI_TESTING_RESULTS_DOCUMENTED', '', '8.7 Are the RTRI results documented in the data capture form or logbook correctly (e.g. client demographics, kit name, lot number, expiration dates, tester name, RTRI visual results and recency interpretation) and reviewed by the person in charge?'),
(372, 'RTRI_C_8_7_RTRI_TESTING_RESULTS_DOCUMENTED', '', 'Comments :'),
(375, 'RTRI_Q_8_8_QC_ROUTINELY_USED', '', '8.8 Are external quality control (QC) specimens (i.e. long-term (LT), recent and negative) routinely used (i.e. monthly) for RTRI?'),
(376, 'RTRI_C_8_8_QC_ROUTINELY_USED', '', 'Comments :'),
(379, 'RTRI_Q_8_9_QC_RESULTS_RECORDED', '', '8.9 Are QC results for RTRI properly recorded (e.g. kit name, lot number, expiration dates, tester name, RTRI visual results and recency interpretation for each level of QC)  and reviewed by person in charge?'),
(380, 'RTRI_C_8_9_QC_RESULTS_RECORDED', '', 'Comments :'),
(383, 'RTRI_Q_8_10_INCORRECT_QC_DOCUMENTED', '', '8.10 Are appropriate steps taken and documented when RTRI QC results are incorrect?'),
(384, 'RTRI_C_8_10_INCORRECT_QC_DOCUMENTED', '', 'Comments :'),
(387, 'RTRI_Q_8_11_INVALID_RTRI_RESULTS', '', '8.11 Are appropriate steps taken and documented according to the SOP or guidelines for invalid RTRI test results? If yes, how many in the last 3 months(use comments)'),
(388, 'RTRI_C_8_11_INVALID_RTRI_RESULTS', '', 'Comments :'),
(393, 'RTRI_SCORE', '', ''),
(395, 'RTRI_DISPLAY', '', '8.0   HIV-1 RECENT INFECTION SURVEILLANCE USING THE RAPID TEST FOR RECENT INFECTION SCORE'),
(396, 'RTRIPHOTO', '', 'Photo -RTRI'),
(399, 'AuditRequiredScore', '', ''),
(400, 'FINAL_AUDIT_SCORE', '', ''),
(401, 'MAX_AUDIT_SCORE', '', ''),
(402, 'AUDIT_SCORE_PERCANTAGE', '', ''),
(403, 'AUDIT_SCORE_PERCANTAGE_ROUNDED', '', ''),
(404, 'preclosure_questions', '', 'Continued ..'),
(405, 'staffaudited', '', 'Staff Audited Name:'),
(406, 'durationaudit', '', 'Duration of Audit:'),
(407, 'personincharge', '', 'Person in Charge Name:'),
(408, 'sitecode', '', 'Site Code (If Applicable):'),
(409, 'auditEndTime', '', 'Audit End Time:'),
(411, 'endofsurvey', '', 'You have completed all questions for SPI-RRT Checklist. '),
(412, 'scoring', '', 'SCORING_CRITERIA '),
(413, 'info5', '', 'PART C: SCORING CRITERIA '),
(414, 'info6', '', 'Each element marked will be assigned a point value: \n   Items marked Yes receive 1 point each.\n   Items marked Partial receive 0.5 point each. \n   Items marked No receive 0 point each. '),
(415, 'info10', '', 'Total points scored for each section should be tallied and recorded at the end of the section. The total number of points expected for all eight sections is 75. If section 8.0 is not applicable then the total number of points expected for seven sections is 64.'),
(416, 'info11', '', 'The overall total points obtained by each HIV testing point audited will be weighed to correspond to a specific performance level.'),
(419, 'SUMMARY_NOT_AVL', '', 'SUMMARY - Sorry You have not completed all required sections.'),
(420, 'SUMMARY', '', 'SUMMARY'),
(421, 'info12', '', 'Part D. Auditors Summation Report for SPI-RT Audit\n Facility Name: ${facilityname} \n No. of Tester(s):${NumberofTester}\nType of testing point:${testingpointtype}\nAudit Start Time (hh:mm) :${auditStartTime}\nAudit End Time (hh:mm) :${auditEndTime}\nSite code (if applicable):${sitecode}\nDuration Of Audit : ${durationaudit}\n Staff Audited Name:${staffaudited} \nTotal points scored = ${FINAL_AUDIT_SCORE} \nTotal score expected = ${MAX_AUDIT_SCORE} \n% Score = ${AUDIT_SCORE_PERCANTAGE_ROUNDED}'),
(423, 'SUMMARY_CONTINUATION', '', 'continued ..'),
(424, 'info177', '', 'Audit Score Without RTRI - ${facilityname} :\n1.0 PERSONAL TRAINING & CERTIFICATION SCORE = ${PERSONAL_SCORE}/10 \n2.0 PHYSICAL FACILITY SCORE = ${PHYSICAL_SCORE}/5 \n3.0 SAFETY SCORE = ${SAFETY_SCORE}/10\n4.0 PRE-TESTING PHASE SCORE = ${PRETEST_SCORE}/13 \n5.0 TESTING PHASE SCORE = ${TEST_SCORE}/9 \n6.0 POST TESTING PHASE = ${POST_SCORE}/9 \n7.0 EXTERNAL QUALITY AUDIT = ${EQA_SCORE}/8\nTotal points scored = ${FINAL_AUDIT_SCORE} \nTotal score expected = ${MAX_AUDIT_SCORE} \n% Score = ${AUDIT_SCORE_PERCANTAGE_ROUNDED}'),
(425, 'info178', '', 'Level 0 - Less than 40% '),
(426, 'info179', '', 'Level 1 - 40% - 59% '),
(427, 'info180', '', 'Level 2 - 60%-79%'),
(428, 'info181', '', 'Level 3 - 80%-89%'),
(429, 'info182', '', 'Level 4 - 90% or higher'),
(430, 'info183', '', 'Auditor Name:${name_auditor_lead}'),
(432, 'Summary_cont_a', '', 'Continued..'),
(433, 'info17a', '', 'Audit Score with RTRI - ${facilityname} :\n1.0 PERSONAL TRAINING & CERTIFICATION SCORE = ${PERSONAL_SCORE}/10 \n2.0 PHYSICAL FACILITY SCORE = ${PHYSICAL_SCORE}/5 \n3.0 SAFETY SCORE = ${SAFETY_SCORE}/10\n4.0 PRE-TESTING PHASE SCORE = ${PRETEST_SCORE}/13 \n5.0 TESTING PHASE SCORE = ${TEST_SCORE}/9 \n6.0 POST TESTING PHASE = ${POST_SCORE}/9 \n7.0 EXTERNAL QUALITY AUDIT = ${EQA_SCORE}/8\n8.0 HIV-1 RECENT INFECTION SURVEILLANCE USING THE RAPID TEST FOR RECENT INFECTION = ${RTRI_SCORE}/11\nTotal points scored = ${FINAL_AUDIT_SCORE} \nTotal score expected = ${MAX_AUDIT_SCORE} \n% Score = ${AUDIT_SCORE_PERCANTAGE_ROUNDED}'),
(434, 'info21', '', 'Level 0 - Less than 40% '),
(435, 'info22', '', 'Level 1 - 40% - 59% '),
(436, 'info23', '', 'Level 2 - 60%-79%'),
(437, 'info24', '', 'Level 3 - 80%-89%'),
(438, 'info25', '', 'Level 4 - 90% or higher'),
(439, 'info26', '', 'Auditor Name:${name_auditor_lead}'),
(441, 'infoheading', '', 'Continued..'),
(442, 'info27', '', 'Please summarize your finding and describe the corrective actions types, the recommendations and timelines in next section. '),
(443, 'correctiveaction', '', 'Corrective Actions'),
(444, 'sectionno', '', 'Section No. :'),
(445, 'deficiency', '', 'Deficiency/Issue observed :'),
(446, 'correction', '', 'Correction Actions :'),
(447, 'auditorcomment', '', 'Auditors Comments :'),
(448, 'action', '', 'Recommendations - Actions :'),
(449, 'timeline', '', 'Recommendations - Timeline / Person responsible :'),
(450, 'info27', '', 'Please add more corrective action if needed.'),
(452, 'sitephoto', '', 'Site Photo'),
(453, 'lab_geopoint', '', 'Collec the GPS coordinates of this site.'),
(454, 'auditorSignature', '', 'Signature');

CREATE TABLE `r_spi_form_v_6_download` (
  `r_download_id` int(11) NOT NULL,
  `user` int(11) NOT NULL,
  `auditroundno` varchar(255) DEFAULT NULL,
  `assesmentofaudit` varchar(255) DEFAULT NULL,
  `testingpointtype` varchar(255) DEFAULT NULL,
  `level` varchar(255) DEFAULT NULL,
  `affiliation` varchar(255) DEFAULT NULL,
  `level_name` varchar(255) DEFAULT NULL,
  `AUDIT_SCORE_PERCENTAGE` varchar(255) DEFAULT NULL,
  `download_status` int(11) NOT NULL DEFAULT '0'
) ENGINE=InnoDB DEFAULT CHARSET=latin1;

ALTER TABLE `r_spi_form_v_6_download`
  ADD PRIMARY KEY (`r_download_id`);

INSERT INTO `resources` (`resource_id`, `display_name`) VALUES ('Application\\Controller\\SpiV6', 'Manage SPI V6 Form');
INSERT INTO `privileges` (`resource_id`, `privilege_name`, `display_name`) VALUES ('Application\\Controller\\SpiV6', 'index', 'access');

INSERT INTO `resources` (`resource_id`, `display_name`) VALUES ('Application\\Controller\\SpiV6Reports', 'SPI V6 Reports');
INSERT INTO `privileges` (`resource_id`, `privilege_name`, `display_name`) VALUES ('Application\\Controller\\SpiV6Reports', 'facility-report', 'Facility Report');

INSERT INTO `privileges` (`resource_id`, `privilege_name`, `display_name`) VALUES ('Application\\Controller\\SpiV6', 'approve-status', 'Approved Status'), ('Application\\Controller\\SpiV6', 'download-pdf', 'Download pdf'), ('Application\\Controller\\SpiV6', 'edit', 'Edit'), ('Application\\Controller\\SpiV6', 'manage-facility', 'Access to edit SPI Form');

INSERT INTO `privileges` (`resource_id`, `privilege_name`, `display_name`) VALUES ('Application\\Controller\\SpiV6', 'corrective-action-pdf', 'Corrective Action PDF');

INSERT INTO `privileges` (`resource_id`, `privilege_name`, `display_name`) VALUES ('Application\\Controller\\SpiV6', 'delete', 'Delete');

INSERT INTO `privileges` (`resource_id`, `privilege_name`, `display_name`) VALUES ('Application\\Controller\\SpiV6', 'download-files', 'Download Zipped Files');

INSERT INTO `privileges` (`resource_id`, `privilege_name`, `display_name`) VALUES ('Application\\Controller\\SpiV6', 'export', 'Export All PDF');

INSERT INTO `privileges` (`resource_id`, `privilege_name`, `display_name`) VALUES ('Application\\Controller\\SpiV6', 'duplicate', 'Duplicate');
INSERT INTO `privileges` (`resource_id`, `privilege_name`, `display_name`) VALUES ('Application\\Controller\\SpiV5', 'duplicate', 'Duplicate');

CREATE TABLE `spi_form_v_5_duplicate` (
  `id` int(11) NOT NULL,
  `token` varchar(255) NOT NULL,
  `content` varchar(255) NOT NULL,
  `formId` varchar(255) NOT NULL,
  `formVersion` varchar(255) NOT NULL,
  `meta-instance-id` varchar(255) NOT NULL,
  `meta-model-version` varchar(255) NOT NULL,
  `meta-ui-version` varchar(255) NOT NULL,
  `meta-submission-date` varchar(255) NOT NULL,
  `meta-is-complete` varchar(255) NOT NULL,
  `meta-date-marked-as-complete` varchar(255) NOT NULL,
  `start` varchar(255) DEFAULT NULL,
  `end` varchar(255) DEFAULT NULL,
  `today` date DEFAULT NULL,
  `deviceid` varchar(255) DEFAULT NULL,
  `subscriberid` varchar(255) DEFAULT NULL,
  `text_image` varchar(255) DEFAULT NULL,
  `info1` varchar(255) DEFAULT NULL,
  `info2` varchar(255) DEFAULT NULL,
  `assesmentofaudit` date NOT NULL,
  `auditroundno` varchar(255) DEFAULT NULL,
  `facilityname` varchar(255) DEFAULT NULL,
  `facilityid` varchar(255) DEFAULT NULL,
  `testingpointname` varchar(255) DEFAULT NULL,
  `testingpointtype` varchar(255) DEFAULT NULL,
  `testingpointtype_other` varchar(255) DEFAULT NULL,
  `locationaddress` varchar(255) DEFAULT NULL,
  `level` varchar(255) DEFAULT NULL,
  `level_other` varchar(255) DEFAULT NULL,
  `level_name` varchar(255) DEFAULT NULL,
  `affiliation` varchar(255) DEFAULT NULL,
  `affiliation_other` varchar(255) DEFAULT NULL,
  `NumberofTester` varchar(255) DEFAULT NULL,
  `avgMonthTesting` int(11) DEFAULT '0',
  `name_auditor_lead` varchar(255) DEFAULT NULL,
  `name_auditor2` varchar(255) DEFAULT NULL,
  `info4` varchar(255) DEFAULT NULL,
  `INSTANCE` varchar(255) DEFAULT NULL,
  `PERSONAL_Q_1_1` varchar(255) DEFAULT NULL,
  `PERSONAL_C_1_1` varchar(255) DEFAULT NULL,
  `PERSONAL_Q_1_2` varchar(255) DEFAULT NULL,
  `PERSONAL_C_1_2` varchar(255) DEFAULT NULL,
  `PERSONAL_Q_1_3` varchar(255) DEFAULT NULL,
  `PERSONAL_C_1_3` varchar(255) DEFAULT NULL,
  `PERSONAL_Q_1_4` varchar(255) DEFAULT NULL,
  `PERSONAL_C_1_4` varchar(255) DEFAULT NULL,
  `PERSONAL_Q_1_5` varchar(255) DEFAULT NULL,
  `PERSONAL_C_1_5` varchar(255) DEFAULT NULL,
  `PERSONAL_Q_1_6` varchar(255) DEFAULT NULL,
  `PERSONAL_C_1_6` varchar(255) DEFAULT NULL,
  `PERSONAL_Q_1_7` varchar(255) DEFAULT NULL,
  `PERSONAL_C_1_7` varchar(255) DEFAULT NULL,
  `PERSONAL_Q_1_8` varchar(255) DEFAULT NULL,
  `PERSONAL_C_1_8` varchar(255) DEFAULT NULL,
  `PERSONAL_Q_1_9` varchar(255) DEFAULT NULL,
  `PERSONAL_C_1_9` varchar(255) DEFAULT NULL,
  `PERSONAL_Q_1_10` varchar(255) DEFAULT NULL,
  `PERSONAL_C_1_10` varchar(255) DEFAULT NULL,
  `PERSONAL_SCORE` varchar(255) DEFAULT NULL,
  `PERSONAL_Display` varchar(255) DEFAULT NULL,
  `PERSONALPHOTO` varchar(255) DEFAULT NULL,
  `PHYSICAL_Q_2_1` varchar(255) DEFAULT NULL,
  `PHYSICAL_C_2_1` varchar(255) DEFAULT NULL,
  `PHYSICAL_Q_2_2` varchar(255) DEFAULT NULL,
  `PHYSICAL_C_2_2` varchar(255) DEFAULT NULL,
  `PHYSICAL_Q_2_3` varchar(255) DEFAULT NULL,
  `PHYSICAL_C_2_3` varchar(255) DEFAULT NULL,
  `PHYSICAL_Q_2_4` varchar(255) DEFAULT NULL,
  `PHYSICAL_C_2_4` varchar(255) DEFAULT NULL,
  `PHYSICAL_Q_2_5` varchar(255) DEFAULT NULL,
  `PHYSICAL_C_2_5` varchar(255) DEFAULT NULL,
  `PHYSICAL_SCORE` varchar(255) DEFAULT NULL,
  `PHYSICAL_Display` varchar(255) DEFAULT NULL,
  `PHYSICALPHOTO` varchar(255) DEFAULT NULL,
  `SAFETY_Q_3_1` varchar(255) DEFAULT NULL,
  `SAFETY_C_3_1` varchar(255) DEFAULT NULL,
  `SAFETY_Q_3_2` varchar(255) DEFAULT NULL,
  `SAFETY_C_3_2` varchar(255) DEFAULT NULL,
  `SAFETY_Q_3_3` varchar(255) DEFAULT NULL,
  `SAFETY_C_3_3` varchar(255) DEFAULT NULL,
  `SAFETY_Q_3_4` varchar(255) DEFAULT NULL,
  `SAFETY_C_3_4` varchar(255) DEFAULT NULL,
  `SAFETY_Q_3_5` varchar(255) DEFAULT NULL,
  `SAFETY_C_3_5` varchar(255) DEFAULT NULL,
  `SAFETY_Q_3_6` varchar(255) DEFAULT NULL,
  `SAFETY_C_3_6` varchar(255) DEFAULT NULL,
  `SAFETY_Q_3_7` varchar(255) DEFAULT NULL,
  `SAFETY_C_3_7` varchar(255) DEFAULT NULL,
  `SAFETY_Q_3_8` varchar(255) DEFAULT NULL,
  `SAFETY_C_3_8` varchar(255) DEFAULT NULL,
  `SAFETY_Q_3_9` varchar(255) DEFAULT NULL,
  `SAFETY_C_3_9` varchar(255) DEFAULT NULL,
  `SAFETY_Q_3_10` varchar(255) DEFAULT NULL,
  `SAFETY_C_3_10` varchar(255) DEFAULT NULL,
  `SAFETY_Q_3_11` varchar(255) DEFAULT NULL,
  `SAFETY_C_3_11` varchar(255) DEFAULT NULL,
  `SAFETY_SCORE` varchar(255) DEFAULT NULL,
  `SAFETY_DISPLAY` varchar(255) DEFAULT NULL,
  `SAFETYPHOTO` varchar(255) DEFAULT NULL,
  `PRE_Q_4_1` varchar(255) DEFAULT NULL,
  `PRE_C_4_1` varchar(255) DEFAULT NULL,
  `PRE_Q_4_2` varchar(255) DEFAULT NULL,
  `PRE_C_4_2` varchar(255) DEFAULT NULL,
  `PRE_Q_4_3` varchar(255) DEFAULT NULL,
  `PRE_C_4_3` varchar(255) DEFAULT NULL,
  `PRE_Q_4_4` varchar(255) DEFAULT NULL,
  `PRE_C_4_4` varchar(255) DEFAULT NULL,
  `PRE_Q_4_5` varchar(255) DEFAULT NULL,
  `PRE_C_4_5` varchar(255) DEFAULT NULL,
  `PRE_Q_4_6` varchar(255) DEFAULT NULL,
  `PRE_C_4_6` varchar(255) DEFAULT NULL,
  `PRE_Q_4_7` varchar(255) DEFAULT NULL,
  `PRE_C_4_7` varchar(255) DEFAULT NULL,
  `PRE_Q_4_8` varchar(255) DEFAULT NULL,
  `PRE_C_4_8` varchar(255) DEFAULT NULL,
  `PRE_Q_4_9` varchar(255) DEFAULT NULL,
  `PRE_C_4_9` varchar(255) DEFAULT NULL,
  `PRE_Q_4_10` varchar(255) DEFAULT NULL,
  `PRE_C_4_10` varchar(255) DEFAULT NULL,
  `PRE_Q_4_11` varchar(255) DEFAULT NULL,
  `PRE_C_4_11` varchar(255) DEFAULT NULL,
  `PRE_Q_4_12` varchar(255) DEFAULT NULL,
  `PRE_C_4_12` varchar(255) DEFAULT NULL,
  `PRETEST_SCORE` varchar(255) DEFAULT NULL,
  `PRETEST_Display` varchar(255) DEFAULT NULL,
  `PRETESTPHOTO` varchar(255) DEFAULT NULL,
  `TEST_Q_5_1` varchar(255) DEFAULT NULL,
  `TEST_C_5_1` varchar(255) DEFAULT NULL,
  `TEST_Q_5_2` varchar(255) DEFAULT NULL,
  `TEST_C_5_2` varchar(255) DEFAULT NULL,
  `TEST_Q_5_3` varchar(255) DEFAULT NULL,
  `TEST_C_5_3` varchar(255) DEFAULT NULL,
  `TEST_Q_5_4` varchar(255) DEFAULT NULL,
  `TEST_C_5_4` varchar(255) DEFAULT NULL,
  `TEST_Q_5_5` varchar(255) DEFAULT NULL,
  `TEST_C_5_5` varchar(255) DEFAULT NULL,
  `TEST_Q_5_6` varchar(255) DEFAULT NULL,
  `TEST_C_5_6` varchar(255) DEFAULT NULL,
  `TEST_Q_5_7` varchar(255) DEFAULT NULL,
  `TEST_C_5_7` varchar(255) DEFAULT NULL,
  `TEST_Q_5_8` varchar(255) DEFAULT NULL,
  `TEST_C_5_8` varchar(255) DEFAULT NULL,
  `TEST_Q_5_9` varchar(255) DEFAULT NULL,
  `TEST_C_5_9` varchar(255) DEFAULT NULL,
  `TEST_SCORE` varchar(255) DEFAULT NULL,
  `TEST_DISPLAY` varchar(255) DEFAULT NULL,
  `TESTPHOTO` varchar(255) DEFAULT NULL,
  `POST_Q_6_1` varchar(255) DEFAULT NULL,
  `POST_C_6_1` varchar(255) DEFAULT NULL,
  `POST_Q_6_2` varchar(255) DEFAULT NULL,
  `POST_C_6_2` varchar(255) DEFAULT NULL,
  `POST_Q_6_3` varchar(255) DEFAULT NULL,
  `POST_C_6_3` varchar(255) DEFAULT NULL,
  `POST_Q_6_4` varchar(255) DEFAULT NULL,
  `POST_C_6_4` varchar(255) DEFAULT NULL,
  `POST_Q_6_5` varchar(255) DEFAULT NULL,
  `POST_C_6_5` varchar(255) DEFAULT NULL,
  `POST_Q_6_6` varchar(255) DEFAULT NULL,
  `POST_C_6_6` varchar(255) DEFAULT NULL,
  `POST_Q_6_7` varchar(255) DEFAULT NULL,
  `POST_C_6_7` varchar(255) DEFAULT NULL,
  `POST_Q_6_8` varchar(255) DEFAULT NULL,
  `POST_C_6_8` varchar(255) DEFAULT NULL,
  `POST_Q_6_9` varchar(255) DEFAULT NULL,
  `POST_C_6_9` varchar(255) DEFAULT NULL,
  `POST_SCORE` varchar(255) DEFAULT NULL,
  `POST_DISPLAY` varchar(255) DEFAULT NULL,
  `POSTTESTPHOTO` varchar(255) DEFAULT NULL,
  `EQA_Q_7_1` varchar(255) DEFAULT NULL,
  `EQA_C_7_1` varchar(255) DEFAULT NULL,
  `EQA_Q_7_2` varchar(255) DEFAULT NULL,
  `EQA_C_7_2` varchar(255) DEFAULT NULL,
  `EQA_Q_7_3` varchar(255) DEFAULT NULL,
  `EQA_C_7_3` varchar(255) DEFAULT NULL,
  `EQA_Q_7_4` varchar(255) DEFAULT NULL,
  `EQA_C_7_4` varchar(255) DEFAULT NULL,
  `EQA_Q_7_5` varchar(255) DEFAULT NULL,
  `EQA_C_7_5` varchar(255) DEFAULT NULL,
  `EQA_Q_7_6` varchar(255) DEFAULT NULL,
  `EQA_C_7_6` varchar(255) DEFAULT NULL,
  `EQA_Q_7_7` varchar(255) DEFAULT NULL,
  `EQA_C_7_7` varchar(255) DEFAULT NULL,
  `EQA_Q_7_8` varchar(255) DEFAULT NULL,
  `EQA_C_7_8` varchar(255) DEFAULT NULL,
  `sampleretesting` varchar(255) DEFAULT NULL,
  `EQA_Q_7_9` varchar(255) DEFAULT NULL,
  `EQA_C_7_9` varchar(255) DEFAULT NULL,
  `EQA_Q_7_10` varchar(255) DEFAULT NULL,
  `EQA_C_7_10` varchar(255) DEFAULT NULL,
  `EQA_Q_7_11` varchar(255) DEFAULT NULL,
  `EQA_C_7_11` varchar(255) DEFAULT NULL,
  `EQA_Q_7_12` varchar(255) DEFAULT NULL,
  `EQA_C_7_12` varchar(255) DEFAULT NULL,
  `EQA_Q_7_13` varchar(255) DEFAULT NULL,
  `EQA_C_7_13` varchar(255) DEFAULT NULL,
  `EQA_Q_7_14` varchar(255) DEFAULT NULL,
  `EQA_C_7_14` varchar(255) DEFAULT NULL,
  `EQA_MAX_SCORE` varchar(255) DEFAULT NULL,
  `EQA_REQ` varchar(255) DEFAULT NULL,
  `EQA_OPT` varchar(255) DEFAULT NULL,
  `EQA_SCORE` varchar(255) DEFAULT NULL,
  `EQA_DISPLAY` varchar(255) DEFAULT NULL,
  `EQAPHOTO` varchar(255) DEFAULT NULL,
  `FINAL_AUDIT_SCORE` varchar(255) DEFAULT NULL,
  `MAX_AUDIT_SCORE` varchar(255) DEFAULT NULL,
  `AUDIT_SCORE_PERCANTAGE` varchar(255) DEFAULT NULL,
  `staffaudited` varchar(255) DEFAULT NULL,
  `durationaudit` varchar(255) DEFAULT NULL,
  `personincharge` varchar(255) DEFAULT NULL,
  `endofsurvey` varchar(255) DEFAULT NULL,
  `info5` varchar(255) DEFAULT NULL,
  `info6` varchar(255) DEFAULT NULL,
  `info10` varchar(255) DEFAULT NULL,
  `info11` varchar(255) DEFAULT NULL,
  `summarypage` varchar(255) DEFAULT NULL,
  `SUMMARY_NOT_AVL` varchar(255) DEFAULT NULL,
  `info12` varchar(255) DEFAULT NULL,
  `info17` varchar(255) DEFAULT NULL,
  `info21` varchar(255) DEFAULT NULL,
  `info22` varchar(255) DEFAULT NULL,
  `info23` varchar(255) DEFAULT NULL,
  `info24` varchar(255) DEFAULT NULL,
  `info25` varchar(255) DEFAULT NULL,
  `info26` varchar(255) DEFAULT NULL,
  `info27` varchar(255) DEFAULT NULL,
  `correctiveaction` text,
  `sitephoto` varchar(255) DEFAULT NULL,
  `Latitude` varchar(255) DEFAULT NULL,
  `Longitude` varchar(255) DEFAULT NULL,
  `Altitude` varchar(255) DEFAULT NULL,
  `Accuracy` varchar(255) DEFAULT NULL,
  `auditorSignature` text,
  `instanceID` varchar(255) DEFAULT NULL,
  `instanceName` varchar(255) DEFAULT NULL,
  `status` varchar(100) DEFAULT 'pending'
) ENGINE=MyISAM DEFAULT CHARSET=latin1;


ALTER TABLE `spi_form_v_5_duplicate`
  ADD PRIMARY KEY (`id`);

ALTER TABLE `spi_form_v_5_duplicate`
  MODIFY `id` int(11) NOT NULL AUTO_INCREMENT, AUTO_INCREMENT=1;

CREATE TABLE `spi_form_v_6_duplicate` (
`id` int(11) NOT NULL,
`token` varchar(255) NOT NULL,
`content` varchar(255) NOT NULL,
`formId` varchar(255) NOT NULL,
`formVersion` varchar(255) NOT NULL,
`meta-instance-id` varchar(255) NOT NULL,
`meta-model-version` varchar(255) NOT NULL,
`meta-ui-version` varchar(255) NOT NULL,
`meta-submission-date` varchar(255) NOT NULL,
`meta-is-complete` varchar(255) NOT NULL,
`meta-date-marked-as-complete` varchar(255) NOT NULL,
`start` varchar(255) DEFAULT NULL,
`end` varchar(255) DEFAULT NULL,
`today` date DEFAULT NULL,
`deviceid` varchar(255) DEFAULT NULL,
`subscriberid` varchar(255) DEFAULT NULL,
`text_image` varchar(255) DEFAULT NULL,
`info1` varchar(255) DEFAULT NULL,
`info2` varchar(255) DEFAULT NULL,
`assesmentofaudit` date NOT NULL,
`auditroundno` varchar(255) DEFAULT NULL,
`facilityname` varchar(255) DEFAULT NULL,
`facilityid` varchar(255) DEFAULT NULL,
`testingpointname` varchar(255) DEFAULT NULL,
`testingpointtype` varchar(255) DEFAULT NULL,
`testingpointtype_other` varchar(255) DEFAULT NULL,
`locationaddress` varchar(255) DEFAULT NULL,
`level` varchar(255) DEFAULT NULL,
`level_other` varchar(255) DEFAULT NULL,
`level_name` varchar(255) DEFAULT NULL,
`affiliation` varchar(255) DEFAULT NULL,
`affiliation_other` varchar(255) DEFAULT NULL,
`NumberofTester` varchar(255) DEFAULT NULL,
`avgMonthTesting` int(11) DEFAULT '0',
`name_auditor_lead` varchar(255) DEFAULT NULL,
`name_auditor2` varchar(255) DEFAULT NULL,
`info4` varchar(255) DEFAULT NULL,
`INSTANCE` varchar(255) DEFAULT NULL,
`PERSONAL_Q_1_1` varchar(255) DEFAULT NULL,
`PERSONAL_C_1_1` varchar(255) DEFAULT NULL,
`PERSONAL_Q_1_2` varchar(255) DEFAULT NULL,
`PERSONAL_C_1_2` varchar(255) DEFAULT NULL,
`PERSONAL_Q_1_3` varchar(255) DEFAULT NULL,
`PERSONAL_C_1_3` varchar(255) DEFAULT NULL,
`PERSONAL_Q_1_4` varchar(255) DEFAULT NULL,
`PERSONAL_C_1_4` varchar(255) DEFAULT NULL,
`PERSONAL_Q_1_5` varchar(255) DEFAULT NULL,
`PERSONAL_C_1_5` varchar(255) DEFAULT NULL,
`PERSONAL_Q_1_6` varchar(255) DEFAULT NULL,
`PERSONAL_C_1_6` varchar(255) DEFAULT NULL,
`PERSONAL_Q_1_7` varchar(255) DEFAULT NULL,
`PERSONAL_C_1_7` varchar(255) DEFAULT NULL,
`PERSONAL_Q_1_8` varchar(255) DEFAULT NULL,
`PERSONAL_C_1_8` varchar(255) DEFAULT NULL,
`PERSONAL_Q_1_9` varchar(255) DEFAULT NULL,
`PERSONAL_C_1_9` varchar(255) DEFAULT NULL,
`PERSONAL_Q_1_10` varchar(255) DEFAULT NULL,
`PERSONAL_C_1_10` varchar(255) DEFAULT NULL,
`PERSONAL_SCORE` varchar(255) DEFAULT NULL,
`PERSONAL_Display` varchar(255) DEFAULT NULL,
`PERSONALPHOTO` varchar(255) DEFAULT NULL,
`PHYSICAL_Q_2_1` varchar(255) DEFAULT NULL,
`PHYSICAL_C_2_1` varchar(255) DEFAULT NULL,
`PHYSICAL_Q_2_2` varchar(255) DEFAULT NULL,
`PHYSICAL_C_2_2` varchar(255) DEFAULT NULL,
`PHYSICAL_Q_2_3` varchar(255) DEFAULT NULL,
`PHYSICAL_C_2_3` varchar(255) DEFAULT NULL,
`PHYSICAL_Q_2_4` varchar(255) DEFAULT NULL,
`PHYSICAL_C_2_4` varchar(255) DEFAULT NULL,
`PHYSICAL_Q_2_5` varchar(255) DEFAULT NULL,
`PHYSICAL_C_2_5` varchar(255) DEFAULT NULL,
`PHYSICAL_SCORE` varchar(255) DEFAULT NULL,
`PHYSICAL_Display` varchar(255) DEFAULT NULL,
`PHYSICALPHOTO` varchar(255) DEFAULT NULL,
`SAFETY_Q_3_1` varchar(255) DEFAULT NULL,
`SAFETY_C_3_1` varchar(255) DEFAULT NULL,
`SAFETY_Q_3_2` varchar(255) DEFAULT NULL,
`SAFETY_C_3_2` varchar(255) DEFAULT NULL,
`SAFETY_Q_3_3` varchar(255) DEFAULT NULL,
`SAFETY_C_3_3` varchar(255) DEFAULT NULL,
`SAFETY_Q_3_4` varchar(255) DEFAULT NULL,
`SAFETY_C_3_4` varchar(255) DEFAULT NULL,
`SAFETY_Q_3_5` varchar(255) DEFAULT NULL,
`SAFETY_C_3_5` varchar(255) DEFAULT NULL,
`SAFETY_Q_3_6` varchar(255) DEFAULT NULL,
`SAFETY_C_3_6` varchar(255) DEFAULT NULL,
`SAFETY_Q_3_7` varchar(255) DEFAULT NULL,
`SAFETY_C_3_7` varchar(255) DEFAULT NULL,
`SAFETY_Q_3_8` varchar(255) DEFAULT NULL,
`SAFETY_C_3_8` varchar(255) DEFAULT NULL,
`SAFETY_Q_3_9` varchar(255) DEFAULT NULL,
`SAFETY_C_3_9` varchar(255) DEFAULT NULL,
`SAFETY_Q_3_10` varchar(255) DEFAULT NULL,
`SAFETY_C_3_10` varchar(255) DEFAULT NULL,
`SAFETY_Q_3_11` varchar(255) DEFAULT NULL,
`SAFETY_C_3_11` varchar(255) DEFAULT NULL,
`SAFETY_SCORE` varchar(255) DEFAULT NULL,
`SAFETY_DISPLAY` varchar(255) DEFAULT NULL,
`SAFETYPHOTO` varchar(255) DEFAULT NULL,
`PRE_Q_4_1` varchar(255) DEFAULT NULL,
`PRE_C_4_1` varchar(255) DEFAULT NULL,
`PRE_Q_4_2` varchar(255) DEFAULT NULL,
`PRE_C_4_2` varchar(255) DEFAULT NULL,
`PRE_Q_4_3` varchar(255) DEFAULT NULL,
`PRE_C_4_3` varchar(255) DEFAULT NULL,
`PRE_Q_4_4` varchar(255) DEFAULT NULL,
`PRE_C_4_4` varchar(255) DEFAULT NULL,
`PRE_Q_4_5` varchar(255) DEFAULT NULL,
`PRE_C_4_5` varchar(255) DEFAULT NULL,
`PRE_Q_4_6` varchar(255) DEFAULT NULL,
`PRE_C_4_6` varchar(255) DEFAULT NULL,
`PRE_Q_4_7` varchar(255) DEFAULT NULL,
`PRE_C_4_7` varchar(255) DEFAULT NULL,
`PRE_Q_4_8` varchar(255) DEFAULT NULL,
`PRE_C_4_8` varchar(255) DEFAULT NULL,
`PRE_Q_4_9` varchar(255) DEFAULT NULL,
`PRE_C_4_9` varchar(255) DEFAULT NULL,
`PRE_Q_4_10` varchar(255) DEFAULT NULL,
`PRE_C_4_10` varchar(255) DEFAULT NULL,
`PRE_Q_4_11` varchar(255) DEFAULT NULL,
`PRE_C_4_11` varchar(255) DEFAULT NULL,
`PRE_Q_4_12` varchar(255) DEFAULT NULL,
`PRE_C_4_12` varchar(255) DEFAULT NULL,
`PRETEST_SCORE` varchar(255) DEFAULT NULL,
`PRETEST_Display` varchar(255) DEFAULT NULL,
`PRETESTPHOTO` varchar(255) DEFAULT NULL,
`TEST_Q_5_1` varchar(255) DEFAULT NULL,
`TEST_C_5_1` varchar(255) DEFAULT NULL,
`TEST_Q_5_2` varchar(255) DEFAULT NULL,
`TEST_C_5_2` varchar(255) DEFAULT NULL,
`TEST_Q_5_3` varchar(255) DEFAULT NULL,
`TEST_C_5_3` varchar(255) DEFAULT NULL,
`TEST_Q_5_4` varchar(255) DEFAULT NULL,
`TEST_C_5_4` varchar(255) DEFAULT NULL,
`TEST_Q_5_5` varchar(255) DEFAULT NULL,
`TEST_C_5_5` varchar(255) DEFAULT NULL,
`TEST_Q_5_6` varchar(255) DEFAULT NULL,
`TEST_C_5_6` varchar(255) DEFAULT NULL,
`TEST_Q_5_7` varchar(255) DEFAULT NULL,
`TEST_C_5_7` varchar(255) DEFAULT NULL,
`TEST_Q_5_8` varchar(255) DEFAULT NULL,
`TEST_C_5_8` varchar(255) DEFAULT NULL,
`TEST_Q_5_9` varchar(255) DEFAULT NULL,
`TEST_C_5_9` varchar(255) DEFAULT NULL,
`TEST_SCORE` varchar(255) DEFAULT NULL,
`TEST_DISPLAY` varchar(255) DEFAULT NULL,
`TESTPHOTO` varchar(255) DEFAULT NULL,
`POST_Q_6_1` varchar(255) DEFAULT NULL,
`POST_C_6_1` varchar(255) DEFAULT NULL,
`POST_Q_6_2` varchar(255) DEFAULT NULL,
`POST_C_6_2` varchar(255) DEFAULT NULL,
`POST_Q_6_3` varchar(255) DEFAULT NULL,
`POST_C_6_3` varchar(255) DEFAULT NULL,
`POST_Q_6_4` varchar(255) DEFAULT NULL,
`POST_C_6_4` varchar(255) DEFAULT NULL,
`POST_Q_6_5` varchar(255) DEFAULT NULL,
`POST_C_6_5` varchar(255) DEFAULT NULL,
`POST_Q_6_6` varchar(255) DEFAULT NULL,
`POST_C_6_6` varchar(255) DEFAULT NULL,
`POST_Q_6_7` varchar(255) DEFAULT NULL,
`POST_C_6_7` varchar(255) DEFAULT NULL,
`POST_Q_6_8` varchar(255) DEFAULT NULL,
`POST_C_6_8` varchar(255) DEFAULT NULL,
`POST_Q_6_9` varchar(255) DEFAULT NULL,
`POST_C_6_9` varchar(255) DEFAULT NULL,
`POST_SCORE` varchar(255) DEFAULT NULL,
`POST_DISPLAY` varchar(255) DEFAULT NULL,
`POSTTESTPHOTO` varchar(255) DEFAULT NULL,
`EQA_Q_7_1` varchar(255) DEFAULT NULL,
`EQA_C_7_1` varchar(255) DEFAULT NULL,
`EQA_Q_7_2` varchar(255) DEFAULT NULL,
`EQA_C_7_2` varchar(255) DEFAULT NULL,
`EQA_Q_7_3` varchar(255) DEFAULT NULL,
`EQA_C_7_3` varchar(255) DEFAULT NULL,
`EQA_Q_7_4` varchar(255) DEFAULT NULL,
`EQA_C_7_4` varchar(255) DEFAULT NULL,
`EQA_Q_7_5` varchar(255) DEFAULT NULL,
`EQA_C_7_5` varchar(255) DEFAULT NULL,
`EQA_Q_7_6` varchar(255) DEFAULT NULL,
`EQA_C_7_6` varchar(255) DEFAULT NULL,
`EQA_Q_7_7` varchar(255) DEFAULT NULL,
`EQA_C_7_7` varchar(255) DEFAULT NULL,
`EQA_Q_7_8` varchar(255) DEFAULT NULL,
`EQA_C_7_8` varchar(255) DEFAULT NULL,
`sampleretesting` varchar(255) DEFAULT NULL,
`EQA_Q_7_9` varchar(255) DEFAULT NULL,
`EQA_C_7_9` varchar(255) DEFAULT NULL,
`EQA_Q_7_10` varchar(255) DEFAULT NULL,
`EQA_C_7_10` varchar(255) DEFAULT NULL,
`EQA_Q_7_11` varchar(255) DEFAULT NULL,
`EQA_C_7_11` varchar(255) DEFAULT NULL,
`EQA_Q_7_12` varchar(255) DEFAULT NULL,
`EQA_C_7_12` varchar(255) DEFAULT NULL,
`EQA_Q_7_13` varchar(255) DEFAULT NULL,
`EQA_C_7_13` varchar(255) DEFAULT NULL,
`EQA_Q_7_14` varchar(255) DEFAULT NULL,
`EQA_C_7_14` varchar(255) DEFAULT NULL,
`EQA_MAX_SCORE` varchar(255) DEFAULT NULL,
`EQA_REQ` varchar(255) DEFAULT NULL,
`EQA_OPT` varchar(255) DEFAULT NULL,
`EQA_SCORE` varchar(255) DEFAULT NULL,
`EQA_DISPLAY` varchar(255) DEFAULT NULL,
`EQAPHOTO` varchar(255) DEFAULT NULL,
`FINAL_AUDIT_SCORE` varchar(255) DEFAULT NULL,
`MAX_AUDIT_SCORE` varchar(255) DEFAULT NULL,
`AUDIT_SCORE_PERCANTAGE` varchar(255) DEFAULT NULL,
`staffaudited` varchar(255) DEFAULT NULL,
`durationaudit` varchar(255) DEFAULT NULL,
`personincharge` varchar(255) DEFAULT NULL,
`endofsurvey` varchar(255) DEFAULT NULL,
`info5` varchar(255) DEFAULT NULL,
`info6` varchar(255) DEFAULT NULL,
`info10` varchar(255) DEFAULT NULL,
`info11` varchar(255) DEFAULT NULL,
`summarypage` varchar(255) DEFAULT NULL,
`SUMMARY_NOT_AVL` varchar(255) DEFAULT NULL,
`info12` varchar(255) DEFAULT NULL,
`info17` varchar(255) DEFAULT NULL,
`info21` varchar(255) DEFAULT NULL,
`info22` varchar(255) DEFAULT NULL,
`info23` varchar(255) DEFAULT NULL,
`info24` varchar(255) DEFAULT NULL,
`info25` varchar(255) DEFAULT NULL,
`info26` varchar(255) DEFAULT NULL,
`info27` varchar(255) DEFAULT NULL,
`correctiveaction` text,
`sitephoto` varchar(255) DEFAULT NULL,
`Latitude` varchar(255) DEFAULT NULL,
`Longitude` varchar(255) DEFAULT NULL,
`Altitude` varchar(255) DEFAULT NULL,
`Accuracy` varchar(255) DEFAULT NULL,
`auditorSignature` text,
`instanceID` varchar(255) DEFAULT NULL,
`instanceName` varchar(255) DEFAULT NULL,
`status` varchar(100) DEFAULT 'pending'
) ENGINE=MyISAM DEFAULT CHARSET=latin1;


ALTER TABLE `spi_form_v_6_duplicate`
ADD PRIMARY KEY (`id`);

ALTER TABLE `spi_form_v_6_duplicate`
MODIFY `id` int(11) NOT NULL AUTO_INCREMENT, AUTO_INCREMENT=1;

INSERT INTO `privileges` (`resource_id`, `privilege_name`, `display_name`) VALUES ('Application\\Controller\\SpiV6', 'view-data-v6', 'View Data');
INSERT INTO `privileges` (`resource_id`, `privilege_name`, `display_name`) VALUES ('Application\\Controller\\SpiV5', 'view-data-v5', 'View Data');
INSERT INTO `privileges` (`resource_id`, `privilege_name`, `display_name`) VALUES ('Application\\Controller\\SpiV6', 'email-v6', 'Email');

ALTER TABLE `spi_form_v_6` CHANGE `formVersion` `formVersion` MEDIUMTEXT CHARACTER SET latin1 COLLATE latin1_swedish_ci NOT NULL;
ALTER TABLE `spi_form_v_6` ADD `DO_SURVEILLANCE` TEXT NULL AFTER `status`;
ALTER TABLE `spi_form_v_6` ADD `S0_Q_1_SURVEILLANCE_STUDY_PROTOCOL_ELIGIBILITY` TEXT NULL AFTER `DO_SURVEILLANCE`;
ALTER TABLE `spi_form_v_6` ADD `S0_C_1_SURVEILLANCE_STUDY_PROTOCOL_ELIGIBILITY` TEXT NULL AFTER `S0_Q_1_SURVEILLANCE_STUDY_PROTOCOL_ELIGIBILITY`;
ALTER TABLE `spi_form_v_6` ADD `S0_Q_2_COUNSELORS_FOLLOWING_PROTOCOL` TEXT NULL AFTER `S0_C_1_SURVEILLANCE_STUDY_PROTOCOL_ELIGIBILITY`;
ALTER TABLE `spi_form_v_6` ADD `S0_C_2_COUNSELORS_FOLLOWING_PROTOCOL` TEXT NULL AFTER `S0_Q_2_COUNSELORS_FOLLOWING_PROTOCOL`;
ALTER TABLE `spi_form_v_6` ADD `S0_Q_3_TESTS_RECORDED_RECENCY` TEXT NULL AFTER `S0_C_2_COUNSELORS_FOLLOWING_PROTOCOL`;
ALTER TABLE `spi_form_v_6` ADD `S0_C_3_TESTS_RECORDED_RECENCY` TEXT NULL AFTER `S0_Q_3_TESTS_RECORDED_RECENCY`;
ALTER TABLE `spi_form_v_6` ADD `S0_Q_4_PROCESS_DOCUMENTED` TEXT NULL AFTER `S0_C_3_TESTS_RECORDED_RECENCY`;
ALTER TABLE `spi_form_v_6` ADD `S0_C_4_PROCESS_DOCUMENTED` TEXT NULL AFTER `S0_Q_4_PROCESS_DOCUMENTED`;
ALTER TABLE `spi_form_v_6` ADD `S0_Q_5_RESULTS_RETURNED_IN_TWO_WEEKS` TEXT NULL AFTER `S0_C_4_PROCESS_DOCUMENTED`;
ALTER TABLE `spi_form_v_6` ADD `S0_C_5_RESULTS_RETURNED_IN_TWO_WEEKS` TEXT NULL AFTER `S0_Q_5_RESULTS_RETURNED_IN_TWO_WEEKS`;
ALTER TABLE `spi_form_v_6` ADD `S0_Q_6_PROTOCOL_VIOLATION_DOCUMENTED` TEXT NULL AFTER `S0_C_5_RESULTS_RETURNED_IN_TWO_WEEKS`;
ALTER TABLE `spi_form_v_6` ADD `S0_C_6_PROTOCOL_VIOLATION_DOCUMENTED` TEXT NULL AFTER `S0_Q_6_PROTOCOL_VIOLATION_DOCUMENTED`;
ALTER TABLE `spi_form_v_6` ADD `S0_Q_7_DOCUMENTING_PROTOCOL_ERRORS` TEXT NULL AFTER `S0_C_6_PROTOCOL_VIOLATION_DOCUMENTED`;
ALTER TABLE `spi_form_v_6` ADD `S0_C_7_DOCUMENTING_PROTOCOL_ERRORS` TEXT NULL AFTER `S0_Q_7_DOCUMENTING_PROTOCOL_ERRORS`;
ALTER TABLE `spi_form_v_6` ADD `D0_Q_1_DIAGNOSED_HIV_ABOVE_15` TEXT NULL AFTER `S0_C_7_DOCUMENTING_PROTOCOL_ERRORS`;
ALTER TABLE `spi_form_v_6` ADD `D0_N_1_DIAGNOSED_HIV_ABOVE_15` TEXT NULL AFTER `D0_Q_1_DIAGNOSED_HIV_ABOVE_15`;
ALTER TABLE `spi_form_v_6` ADD `D0_D_1_DIAGNOSED_HIV_ABOVE_15` TEXT NULL AFTER `D0_N_1_DIAGNOSED_HIV_ABOVE_15`;
ALTER TABLE `spi_form_v_6` ADD `D0_S_1_DIAGNOSED_HIV_ABOVE_15` TEXT NULL AFTER `D0_D_1_DIAGNOSED_HIV_ABOVE_15`;
ALTER TABLE `spi_form_v_6` ADD `D0_Q_2_CANDIDATE_SCREENED_FOR_PARTICIPATION` TEXT NULL AFTER `D0_D_1_DIAGNOSED_HIV_ABOVE_15`;
ALTER TABLE `spi_form_v_6` ADD `D0_N_2_CANDIDATE_SCREENED_FOR_PARTICIPATION` TEXT NULL AFTER `D0_Q_2_CANDIDATE_SCREENED_FOR_PARTICIPATION`;
ALTER TABLE `spi_form_v_6` ADD `D0_D_2_CANDIDATE_SCREENED_FOR_PARTICIPATION` TEXT NULL AFTER `D0_N_2_CANDIDATE_SCREENED_FOR_PARTICIPATION`;
ALTER TABLE `spi_form_v_6` ADD `D0_S_2_CANDIDATE_SCREENED_FOR_PARTICIPATION` TEXT NULL AFTER `D0_D_2_CANDIDATE_SCREENED_FOR_PARTICIPATION`;
ALTER TABLE `spi_form_v_6` CHANGE `deviceid` `deviceid` TEXT CHARACTER SET latin1 COLLATE latin1_swedish_ci NULL DEFAULT NULL;
ALTER TABLE `spi_form_v_6` ADD `D0_Q_3_ELIGIBLE_DURING_REVIEW_PERIOD` TEXT NULL AFTER `D0_D_2_CANDIDATE_SCREENED_FOR_PARTICIPATION`;
ALTER TABLE `spi_form_v_6` ADD `D0_N_3_ELIGIBLE_DURING_REVIEW_PERIOD` TEXT NULL AFTER `D0_Q_3_ELIGIBLE_DURING_REVIEW_PERIOD`;
ALTER TABLE `spi_form_v_6` ADD `D0_D_3_ELIGIBLE_DURING_REVIEW_PERIOD` TEXT NULL AFTER `D0_N_3_ELIGIBLE_DURING_REVIEW_PERIOD`;
ALTER TABLE `spi_form_v_6` ADD `D0_S_3_ELIGIBLE_DURING_REVIEW_PERIOD` TEXT NULL AFTER `D0_D_3_ELIGIBLE_DURING_REVIEW_PERIOD`;
ALTER TABLE `spi_form_v_6` ADD `D0_Q_4_ELIGIBLE_AND_DECLINED_REVIEW_PERIOD` TEXT NULL AFTER `D0_D_3_ELIGIBLE_DURING_REVIEW_PERIOD`;
ALTER TABLE `spi_form_v_6` ADD `D0_N_4_ELIGIBLE_AND_DECLINED_REVIEW_PERIOD` TEXT NULL AFTER `D0_Q_4_ELIGIBLE_AND_DECLINED_REVIEW_PERIOD`;
ALTER TABLE `spi_form_v_6` ADD `D0_D_4_ELIGIBLE_AND_DECLINED_REVIEW_PERIOD` TEXT NULL AFTER `D0_N_4_ELIGIBLE_AND_DECLINED_REVIEW_PERIOD`;
ALTER TABLE `spi_form_v_6` ADD `D0_S_4_ELIGIBLE_AND_DECLINED_REVIEW_PERIOD` TEXT NULL AFTER `D0_D_4_ELIGIBLE_AND_DECLINED_REVIEW_PERIOD`;

ALTER TABLE `spi_form_v_6` ADD `D0_Q_5_DOCUMENTED_AND_REFUSED` TEXT NULL AFTER `D0_D_4_ELIGIBLE_AND_DECLINED_REVIEW_PERIOD`;
ALTER TABLE `spi_form_v_6` ADD `D0_N_5_DOCUMENTED_AND_REFUSED` TEXT NULL AFTER `D0_Q_5_DOCUMENTED_AND_REFUSED`;
ALTER TABLE `spi_form_v_6` ADD `D0_D_5_DOCUMENTED_AND_REFUSED` TEXT NULL AFTER `D0_N_5_DOCUMENTED_AND_REFUSED`;
ALTER TABLE `spi_form_v_6` ADD `D0_S_5_DOCUMENTED_AND_REFUSED` TEXT NULL AFTER `D0_D_5_DOCUMENTED_AND_REFUSED`;

ALTER TABLE `spi_form_v_6` ADD `D0_Q_6_PARTICIAPANTS_ENROLLED_IN_RTRI` TEXT NULL AFTER `D0_D_5_DOCUMENTED_AND_REFUSED`;
ALTER TABLE `spi_form_v_6` ADD `D0_N_6_PARTICIAPANTS_ENROLLED_IN_RTRI` TEXT NULL AFTER `D0_Q_6_PARTICIAPANTS_ENROLLED_IN_RTRI`;
ALTER TABLE `spi_form_v_6` ADD `D0_D_6_PARTICIAPANTS_ENROLLED_IN_RTRI` TEXT NULL AFTER `D0_N_6_PARTICIAPANTS_ENROLLED_IN_RTRI`;
ALTER TABLE `spi_form_v_6` ADD `D0_S_6_PARTICIAPANTS_ENROLLED_IN_RTRI` TEXT NULL AFTER `D0_D_6_PARTICIAPANTS_ENROLLED_IN_RTRI`;

ALTER TABLE `spi_form_v_6` ADD `D0_Q_7_PARTICIAPANTS_INCORRECTLY_ENROLLED_IN_RTRI` TEXT NULL AFTER `D0_D_6_PARTICIAPANTS_ENROLLED_IN_RTRI`;
ALTER TABLE `spi_form_v_6` ADD `D0_N_7_PARTICIAPANTS_INCORRECTLY_ENROLLED_IN_RTRI` TEXT NULL AFTER `D0_Q_7_PARTICIAPANTS_INCORRECTLY_ENROLLED_IN_RTRI`;
ALTER TABLE `spi_form_v_6` ADD `D0_D_7_PARTICIAPANTS_INCORRECTLY_ENROLLED_IN_RTRI` TEXT NULL AFTER `D0_N_7_PARTICIAPANTS_INCORRECTLY_ENROLLED_IN_RTRI`;
ALTER TABLE `spi_form_v_6` ADD `D0_S_7_PARTICIAPANTS_INCORRECTLY_ENROLLED_IN_RTRI` TEXT NULL AFTER `D0_D_7_PARTICIAPANTS_INCORRECTLY_ENROLLED_IN_RTRI`;

ALTER TABLE `spi_form_v_6` ADD `D0_Q_8_PARTICIAPANTS_CORRECTLY_ENROLLED_IN_RTRI` TEXT NULL AFTER `D0_D_7_PARTICIAPANTS_INCORRECTLY_ENROLLED_IN_RTRI`;
ALTER TABLE `spi_form_v_6` ADD `D0_N_8_PARTICIAPANTS_CORRECTLY_ENROLLED_IN_RTRI` TEXT NULL AFTER `D0_Q_8_PARTICIAPANTS_CORRECTLY_ENROLLED_IN_RTRI`;
ALTER TABLE `spi_form_v_6` ADD `D0_D_8_PARTICIAPANTS_CORRECTLY_ENROLLED_IN_RTRI` TEXT NULL AFTER `D0_N_8_PARTICIAPANTS_CORRECTLY_ENROLLED_IN_RTRI`;
ALTER TABLE `spi_form_v_6` ADD `D0_S_8_PARTICIAPANTS_CORRECTLY_ENROLLED_IN_RTRI` TEXT NULL AFTER `D0_D_8_PARTICIAPANTS_CORRECTLY_ENROLLED_IN_RTRI`;


-- Selvam 29-Dec-2021

INSERT INTO `privileges` (`resource_id`, `privilege_name`, `display_name`) VALUES ('Application\\Controller\\SpiV6', 'view-data-v6', 'View Data');
INSERT INTO `privileges` (`resource_id`, `privilege_name`, `display_name`) VALUES ('Application\\Controller\\SpiV5', 'view-data-v5', 'View Data');
INSERT INTO `privileges` (`resource_id`, `privilege_name`, `display_name`) VALUES ('Application\\Controller\\SpiV6', 'email-v6', 'Email');
INSERT INTO `privileges` 
(`resource_id`, `privilege_name`, `display_name`) 
VALUES 
('Application\\Controller\\SpiV6', 'view-data-section-zero-v6', 'View Section S0 Data');

INSERT INTO `privileges` (`resource_id`, `privilege_name`, `display_name`) VALUES ('Application\\Controller\\SpiV6', 'view-data-section-zero-protocol-v6', 'View Section D0 Data');

--Sakthivel 30-Sep-2021

DROP table `track`;
DROP table `spi_rt_5_facilities`;

--Sakthivel 1-Oct-2021

 ALTER TABLE `users` ADD `contact_no` varchar(255) DEFAULT NULL AFTER `email`;
 ALTER TABLE `users` ADD `user_image` varchar(255) DEFAULT NULL AFTER `contact_no`;

 INSERT INTO `privileges` (`resource_id`, `privilege_name`, `display_name`) VALUES ('Application\Controller\Users', 'profile', 'Edit Profile');